SMILES,output
OC(=O)c1cc2sccc2[nH]1,1
[O-][n+]1onc(c2ccccc2)c1C#N,1
CN1C(=O)N(C)c2ncn(C)c2C1=O,1
Clc1cccc(c1)C2CNCC=CC2,1
CCN(CC)CC(=O)Nc1c(C)cccc1C,1
CCN(CC)CCNC(=O)c1ccc(N)cc1,1
NC[C@H]1C[C@@H]1c2cc(Cl)ccc2OCC=C.OC(=O)C(F)(F)F,1
Clc1ccc(cc1Cl)C2CCCCNC2,1
NC(=O)C1CCCc2c1[nH]c3ccc(Cl)cc23,1
O=C1NOC(=C1)[C@H]2CCN[C@@H](Cc3ccccc3)C2,1
CN(C)c1ccc(\C=C\c2c(F)cccc2F)cn1,1
CC1C2C(O)CC3(C)C=CC(=O)C(=C3C2OC1=O)C,1
CCCCN(CC)CC#CCc1ccc(Cl)cc1,0
CCc1n[nH]c(CC)c1Oc2cc(cc(c2)C#N)C#N,1
CN1CCc2cccc3c2C1Cc4ccc(O)c(O)c34,1
CN(C)CCOC(c1ccccc1)c2ccccc2C,0
Clc1ccc(cc1Cl)[C@@]23CCCC[C@@H]2CNC3,0
CN1C[C@H]2CCC[C@]2(C1)c3ccc(Cl)c(Cl)c3,0
c1ccc(cc1)n2cc(cn2)c3ccnc4ccccc34,1
O=C(N1CCN(CC1)C2CC2)N3Cc4ccccc4C3,1
O=C1NOC(=C1)[C@H]2CCN[C@@H](CCc3ccccc3)C2,1
OCC[C@]1(CCCNC1)c2ccc(Cl)c(Cl)c2,1
CCCC1(CCCN1)C(=O)c2cc(F)c3[nH]ccc3c2,1
NC[C@@H]1C[C@@]1(C(=O)N(CC=C)CC=C)c2cccs2,1
CC(N(C)C)C1(CCCCC1)c2ccc3ccccc3c2,0
CNCc1ccc(Cl)cc1Oc2ccc(Cl)cc2,0
CNCc1ccc(Cl)cc1Oc2cccc(Cl)c2,0
CCN(CC(=C)F)C(=O)[C@]1(C[C@H]1CN)c2cccs2,1
CNCc1cc(F)ccc1Oc2ccc(Cl)c(F)c2,0
CC1(SCCC(=N1)N)c2cccc(c2)c3cncnc3,1
CCCCCCCN(CC)CC#CCc1ccc(C)cc1,0
OCC[C@]1(CCCCNC1)c2ccc(Cl)c(Cl)c2,1
CCCCN1CCCC[C@H]1C(=O)Nc2c(C)cccc2C,1
COc1cc(Cc2cnc(N)nc2N)cc(OC)c1OC,1
Cc1c(ncn1Cc2ccc(Cl)cc2)C(=O)N=C(N)N,1
N[C@@H]1CCN(c2ccc(Cl)c(Cl)c2)c3ccccc13,0
CC1N=CN=C1CN2CCc3c(C2=O)c4ccccc4n3C,1
Fc1ccc(CC2(CCNC2)c3ccc4[nH]ccc4c3)cc1,0
CNCc1cc(ccc1Oc2ccc(C)cc2)C(F)(F)F,0
C(COc1ccc(cc1)c2ccccc2)CN3CCCCC3,0
CC1CC(O)(\C=C\c2cccc3ccccc23)C(C)CN1C,1
O=C(Oc1ccc2ccccc2c1)N3CCN4CCC3CC4,1
CN1[C@@H](C[C@H](CN2CCCCC2)C1=O)C#Cc3ccccc3,1
C[C@@H]1CCCN1CCc2ccc3nc(ccc3c2)C(C)(C)C,1
Cc1cccc(NC(=O)c2nc(Br)cs2)n1,1
CC(C)CN([C@H]1CCNC1)C(=O)c2cccc(Cl)c2F,1
COc1ccc2C[C@@H]3[C@@H]4C=C[C@H](O)[C@@H]5Oc1c2[C@]45CCN3C,1
CC(N1CCOCC1)C(O)(c2cccnc2)c3cccnc3,1
CC(C)(C)CCC1(CCCN1)C(=O)c2ccc3[nH]ncc3c2,1
CCCCCCCN(CC)CC#CCCc1ccc(C)cc1,0
COCCN1CC=CC[C@@H](C1)c2ccc(Cl)c(Cl)c2,1
COc1cc(F)ccc1c2cncc(CNC3CCCC3)c2,0
[O-][n+]1onc(c2ccc(s2)c3no[n+]([O-])c3C#N)c1C#N,0
COC(=O)[C@H]1[C@H](C[C@@H]2CC[C@H]1N2C)OC(=O)c3ccccc3,0
CN[C@H]1CC[C@@H](c2ccc(Cl)c(Cl)c2)c3ccccc13,0
CN[C@@H]1C[C@H](c2ccc(Cl)c(Cl)c2)c3ccccc3C1,0
CN1CCC[C@H](C1)c2nc3ccccc3n2Cc4ccccn4,0
Cc1ccc(Cn2c(nc3ccccc23)[C@H]4CNCCO4)cc1,0
COc1cc(F)ccc1c2cncc(NCc3ccccc3)c2,0
CNCCC(Oc1ccc(cc1)C(F)(F)F)c2ccccc2,0
Oc1cccc(O[C@H]2C[C@H]3CC[C@@H](C2)N3Cc4ccccc4)c1,0
COc1ccc2C(=C(CCN(C)C)Cc2c1)Cc3cnccn3,0
Clc1ccc2OC=C(CC3SC(=O)NC3=O)C(=O)c2c1,1
CCc1c(C)[nH]c2CCC\C(=N/NC(=O)Nc3ccccc3)\c12,1
Cl.Cc1cccc(NC(=N)c2oc(cc2)c3ccc(Cl)cc3)c1,1
CCc1c(C)[nH]c2CCC\C(=N/OC(=O)Nc3ccccc3)\c12,1
FC(F)(F)c1ccccc1C(=O)N(C2CCC2)[C@H]3CCNC3,1
Cc1cccc(Nc2nc(N[C@H]3CCNC3)ncc2C(=O)N)c1,0
CN1CCN(CC1)C2=Nc3ccccc3Nc4sc(C)cc24,1
C[C@H]([C@H](N)C(=O)N1CC[C@H](F)C1)[C@@H]2CC[C@H](CC2)NC(=O)C,1
ONC(=O)\C=C\c1ccc2CN(Cc2c1)C(=O)C3CCCCC3,1
COc1cc(F)ccc1c2cncc(CNC3CCCCC3)c2,0
CC(=O)N1N=C(C[C@H]1c2cccc(O)c2)c3cc(F)ccc3F,1
Cc1cc(NC2=NN(C(=O)c3ccccc23)c4ccccc4)n[nH]1,1
CN[C@@H]1CCN(C1)c2nc(N)nc3c2oc4ncc(Cl)cc34,1
CNC[C@@H]1C[C@@H](c2ccc(Cl)c(Cl)c2)c3ccccc3C1,0
NCC[C@@H]1C[C@H](c2ccc(Cl)c(Cl)c2)c3ccccc3C1,1
C1CCN(C1)[C@H]([C@@H](N2CCCC2)c3ccccc3)c4ccccc4,1
OC(=O)C(F)(F)F.Clc1cccc(CN(CC2CNC2)c3ccccc3)c1Cl,1
CN1CCN(CCN2CCN(C2=O)c3cccc(Cl)c3)CC1,0
Nc1nc2cccnc2n1CC(O)c3cccc(Cl)c3Cl,1
COc1cccc(c1)c2cccc(c2)C3(C)N=C(N)CN3C(=O)C,1
Nc1nc2cc3CCN(CCc3cc2s1)C(=O)c4ccccc4,1
Fc1cccc(OC(CC2CNC2)c3ccc(Cl)c(F)c3)c1,0
Fc1ccc(Cn2c(NC3CCNCC3)nc4ccccc24)cc1,0
CCCCS(=O)(=O)N1Cc2ccc(\C=C\C(=O)NO)cc2C1,1
CC1=NC(N=C1N)(C2CC2)c3cccc(c3)c4cncc(Cl)c4,1
CC(C(O)c1ccc(O)cc1)N2CCC(Cc3ccccc3)CC2,0
NC1=NC2(CO1)c3cc(c(F)cc3OCC24CC4)c5cncnc5,1
CC1(N=C(N)C(=N1)c2ccccc2)c3cccc(c3)c4cccnc4,1
COc1cc2CCn3c(C)nc(c4cncs4)c3c2cc1OC,1
O=C(NC[C@@H]1CC[C@H](CCOc2ccccc2)CC1)c3cn[nH]c3,1
CN1CCN(CC1)C2=Nc3ccccc3Nc4sc(CO)cc24,1
CC(C)N1CCN(CC1)C(=O)c2ccc(CN3CCCCC3)cc2,1
OC(=O)C1=CN(C2CC2)c3cc(N4CCNCC4)c(F)cc3C1=O,1
OC(C(N1CCC1)c2ccccc2)(c3cccnc3)c4cccnc4,1
Cc1ccc(OCc2cccc(COc3ccc(C)cc3)[n+]2C)cc1,0
C[C@@H]1CCCN1CCc2ccc3nc(ccc3c2)c4cnn(C)c4C,1
COc1cc(F)ccc1c2cncc(CNC(=O)c3ccccc3)c2,1
NC(=O)c1cccc(O[C@H]2C[C@H]3CC[C@@H](C2)N3Cc4ccccc4)n1,0
CC1CCN(CC1)c2ccc3cc(CCN4CCC[C@H]4C)ccc3n2,1
COc1cncc(c1)c2cc(NC(=O)C)nc(n2)n3nc(C)cc3C,1
C(Cc1ccc(Oc2nc3ccccc3s2)cc1)N4CCCCC4,1
CC1=NNC(=O)C=C1c2ccc(OC3CCN(CC3)C4CCC4)cc2,0
Cc1ccnc2nc(Oc3ccc(CN4CCCCC4)cc3)sc12,1
Cc1cccc(Nc2nc(NCC3CCCCN3)ncc2C(=O)N)c1,0
CNc1nc(NCCCN(C)C)c2sc(cc2n1)c3ccccc3,0
NC(=O)c1cccc(O[C@H]2C[C@H]3CC[C@@H](C2)N3CC4CCCCC4)c1,0
O=C(N1CCN(CC1)C2CCC2)c3ccc(CN4CCOCC4)cc3,1
N#Cc1ccc(CCN2CCN(CCc3ccc(cc3)C#N)CC2)cc1,0
FC(F)(F)c1cc(Nc2ccccc2)nc(NCc3ccccn3)n1,1
Cc1cc(nn1c2cccc(c2)c3ccccc3C(F)(F)F)C(=O)N,1
CC#Cc1cncc(c1)c2ccc3OCC4(CC4)C5(COC(=N5)N)c3c2,0
C[C@@H]1CCCN1CCc2ccc3nc(ccc3c2)c4ccc(C)nc4C,1
Nc1nc2ccc(cc2n1CC(O)c3cccc(Cl)c3Cl)C#N,1
OC(=O)C1CN(C1)C2CC[C@@]3(C2)Cc4ccccc4Cc5ccccc35,1
Clc1cccc(c1)N2CCN(CCN3C[C@@H]4CC[C@@H](CC4)C3)C2=O,0
COc1ccc(cn1)c2cc(on2)c3ccc4C(=O)N(Cc4c3)C(C)C,1
OC(=O)C1CN(C1)C2CCC3(C2)Cc4ccccc4Oc5ccccc35,1
FC(F)(F)Oc1ccccc1CC(N2CCNCC2)c3ccccc3,0
CNC(=O)c1ccc(Nc2nccc(n2)c3cnc(C)n3C(C)C)cc1,1
C[C@@H]1CCCN1CCCOc2ccc3C4=NN(C)C(=O)C=C4CCc3c2,1
CC(C)N1Cc2cc(ccc2C1=O)c3onc(c3)c4ccc(Cl)nc4,1
Clc1ccc(Cn2cc(NCCN3CCCCC3)nn2)cc1Cl,1
CS(=O)(=O)c1ccc2c(c1)nc(n2Cc3ccccc3)C(F)(F)F,0
NC(=O)c1cc(F)cc(O[C@H]2C[C@H]3CC[C@@H](C2)N3Cc4ccccc4)c1,0
COc1cccc2CCN([C@@H](c3ccccc3)c12)C(=O)CNC[C@@H](C)O,1
FC(F)(F)c1ccc(CNC(=O)N2CCC[C@H]2CN3CCCC3)cc1,0
CC(C)(CN)C(=O)N1CC(=C[C@H]1c2ccccc2)c3cc(F)ccc3F,0
COc1ccc(cc1)C2(N=C(C)C(=N2)N)c3cccc(c3)c4cccnc4,1
Cc1ccc(CN2[C@@H]3CC[C@H]2C[C@H](C3)Oc4cccc(c4)C(=O)N)s1,0
C[C@@H]1NC(=N[C@@]1(c2ccc(F)cc2)c3ccc(F)nc3)c4cnsn4,1
COc1ccc(cc1)C2(N=C(C)C(=N2)N)c3cccc(c3)c4cncnc4,1
COc1ccc2c(c1)c(CC(=O)O)c(C)n2C(=O)c3ccc(Cl)cc3,1
CN1C[C@H](CC1=O)N(Cc2ccccc2F)c3ccc(C#N)c(Cl)c3,0
Cc1cccc(c1)S(=O)(=O)N2Cc3ccc(\C=C\C(=O)NO)cc3C2,1
O=C(N[C@@H](Cc1ccc(cc1)c2ccc(cc2)C#N)C#N)[C@@H]3CCCCN3,0
Cc1oc(SCc2cc(cc(NCC#N)n2)N3CCOCC3)nc1C,0
Cc1cccc(c1)C(CC[C@@H](N)C(=O)O)(c2ccccc2)c3ccccc3,1
OC(C(N1CCCCC1)c2ccccc2)(c3cccnc3)c4cccnc4,1
Cc1cccc(c1)C(CC[C@H](N)C(=O)O)(c2ccccc2)c3ccccc3,1
CC(C)CCOc1ccc2N[C@H](C3CCOCC3)[C@@H]4CCCO[C@@H]4c2c1,0
Cl.Nc1ncc(cc1c2oc3ccccc3n2)c4cnn(c4)C5CCNCC5,1
CNCc1ccc(Br)cc1Oc2ccc(Cl)c(Cl)c2,0
COc1cc(Nc2ncc(C)s2)nc(N[C@@H](C)c3ncc(F)cn3)n1,1
Cc1nc2c3O[C@@H](CCc3c(cc2n1C)C(=O)N4CCC4)c5ccccc5,1
CC(=O)Nc1cc(Nc2cc(NC3CC3)n4ncc(C#N)c4n2)cnc1C,1
CC(C)(C)NCCCc1cc(nc(n1)C#N)c2cccc(c2)C(F)(F)F,0
Cc1cc(nn1c2cccc(c2)c3c(F)cccc3C(F)(F)F)C(=O)N,0
Cc1cc(nn1c2cccc(c2)c3cc(F)ccc3C(F)(F)F)C(=O)N,1
Cc1cc(C)nc(Nc2cc(NC[C@@H](N)CC(F)F)cnc2C(=O)N)c1,1
CC(=O)N1CCC(CC1)c2[nH]nc(c3ccc(F)cc3)c2c4ccncc4,1
[O-][N+](=O)c1ccc(CCN2CCN(CCc3ccc(cc3)C#N)CC2)cc1,0
NC(=O)c1cccc(O[C@@H]2C[C@H]3CC[C@@H](C2)N3CCCc4ccccc4)c1,0
CC(C)S(=O)(=O)N[C@H]1CN(C)C[C@@H]1c2ccc(cc2)c3cccs3,0
CONC(=O)c1cc2c(nc(C)n2C)c3O[C@@H](CCc13)c4ccccc4C,1
C[C@@H](N1[C@@H]2CC[C@H]1C[C@@H](C2)Oc3cccc(c3)C(=O)N)c4ccc(C)nc4,0
Cc1cc2nc(\C=C\C3CCNC3)n(Cc4ccc(Cl)cc4)c2cc1C,0
F[C@@H]1CN(C[C@@H]1F)C(=O)[C@@H]2C[C@@H](CN2)N3CCN(CC3)c4ncccn4,1
CC1=C2C(=CC(=O)N1Cc3ccccn3)NN(C2=O)c4ccccc4Cl,1
Cc1cc2nc(CC3CCNCC3)n(Cc4ccc(Cl)cc4)c2cc1C,0
Fc1ccc(cc1)C(Cc2ccccc2OC(F)(F)F)N3CCNCC3,0
Fc1ccccc1C(Cc2ccccc2OC(F)(F)F)N3CCNCC3,0
O=C(C1CC(CN1)Oc2ccc(cc2)C#N)N3CCCN(CC3)C4CCC4,1
CN1CCC[C@@H]1CN2N=C(Cc3ccc(Cl)cc3)c4ncccc4C2=O,0
C[C@@H](N[C@@H]1CCCc2c1[nH]c3ccc(Br)cc23)c4ccccc4,1
CN(C(=O)c1ccncc1)c2ccc(OCc3ccc4ccccc4n3)cc2,1
Fc1ccc(Oc2ccc(cn2)C(=O)N3CCCN(CC3)C4CCC4)cc1,1
CCCCCCC(N1CCOCC1)C(O)(c2cccnc2)c3cccnc3,1
CN(CCN1CCN(C1=O)c2ccc(C)cc2)C[C@@]34CC[C@@H](CC3)C4(C)C,0
COc1cc(C)nc(Nc2cc(N[C@@H]3CCCC[C@@H]3N)cnc2C(=O)N)c1,1
CC(N1[C@@H]2CC[C@H]1C[C@@H](C2)Oc3cccc(c3)C(=O)N)c4ccc(C)s4,0
OC1(CNCC(=O)N2CCc3ccccc3C2C4CCCCC4)CCCC1,1
CSc1ccc2Sc3ccccc3N(CCC4CCCCN4C)c2c1,0
NC1=NC2(CO1)c3cc(Nc4ncccc4Cl)ccc3OCC25COC5,1
CC(C)\C(=N\c1ccnc2cc(Cl)ccc12)\NCCCN3CCCCC3,1
CS(=O)(=O)Cc1cc(nc(n1)c2ccc3[nH]cnc3c2)N4CCOCC4,1
CNC(=O)c1c(NCC2CCC3(CCC3)CC2)nc(nc1OCCO)C#N,0
FC(F)(F)c1cccc(c1)c2cc(CCCN3CCCCC3)nc(n2)C#N,0
O[C@H]1CCN[C@@H](C1)C(=O)N[C@@H](Cc2ccc(cc2)c3ccc(cc3)C#N)C#N,1
CNCc1cc(ccc1Oc2ccc(Cl)c(Cl)c2)S(=O)(=O)NC,0
C[C@@H]1NC(=N[C@@]1(c2ccc(F)cc2)c3ccc(F)nc3)c4cc(ccn4)C#N,1
NC1=NC2(CO1)c3cc(NC(=O)c4ccc(cn4)C#N)ccc3OCC25CC5,1
CC(=O)Nc1cc(Nc2cc(NC3CCC3)n4ncc(C#N)c4n2)ccc1C,1
Cc1[nH]c2ccccc2c1C3CCN(Cc4ccc(\C=C\C(=O)NO)cc4)C3,1
O=C1OCc2cc(CCN3CCN(CCc4ccc(cc4)C#N)CC3)ccc12,0
OC(=O)C1CCN(CC1)C2CC[C@@]3(C2)Cc4ccccc4Cc5ccccc35,1
Cc1nc(Nc2cc(N[C@@H]3CCCC[C@@H]3N)nnc2C(=O)N)ccc1Cl,0
CC1(C)C[C@@H]2C[C@@](C)(CN2CCN3CCN(C3=O)c4cccc(Cl)c4)C1,0
Fc1ccc2N(Cc3ccc4OCC(=O)Nc4c3)c5ccccc5COc2c1,1
Nc1ccccc1NC(=O)c2ccc(cc2)c3ncc(CN4CCC4)cc3F,1
C[C@@H]1CCCN1CCN2CCc3cc(Oc4ccc(cn4)C#N)ccc3C2=O,0
CC(C)CNC(=O)c1ccc(cc1)C2=CC3(CCNCC3)Oc4ccccc24,0
CCN(CC)C(=O)c1ccc(cc1)C2=CC3(CCCNC3)Oc4ccccc24,0
C[C@@H]1CCCN1CCc2ccc3nc(ccc3c2)c4sc5ncnn5c4C,1
Clc1ccc(OC2CNC(C2)C(=O)N3CCCN(CC3)C4CCC4)cc1,0
Clc1cccc(OC2CNC(C2)C(=O)N3CCCN(CC3)C4CCC4)c1,0
COc1cnc(nc1NCc2ccc(F)cc2C(F)(F)F)c3ccccn3,1
COC(=O)c1c(C)noc1c2ccc3cc(CCN4CCC[C@H]4C)ccc3n2,1
Cc1c2cc(ccc2nn1C)N3C=CC(=CC3=O)OCc4ccc(Cl)cc4,0
COCCOc1ccc2c(N[C@H]3CCNC3)nc(nc2c1)c4ccccc4O,0
COCCOc1ccc2nc(nc(N[C@H]3CCNC3)c2c1)c4ccccc4O,1
COc1cccc(c1)[C@@H](C)N2[C@@H]3CC[C@H]2C[C@@H](C3)Oc4cccc(c4)C(=O)N,0
Cc1nc2cc(OC(F)(F)F)ccc2n1c3ccc(s3)C(=O)NC4CC4,1
[O-][N+](=O)c1ccc(CCN2CCN(CCc3ccc4nonc4c3)CC2)cc1,0
Cn1c2CCN(Cc2c3cc(ccc13)C(=O)N4CCCCC4)C5CCOCC5,0
CC(=O)Nc1cc(Nc2cc(NC3CC3)n4ncc(C#N)c4n2)ccc1Cl,1
Clc1ccc(cc1Cl)N2N=C(OCCCN3CCCCC3)C=CC2=O,0
CN1CCC(COCc2cc(ccn2)C(F)(F)F)(CC1)c3ccc(F)cc3,1
C[C@@H](Oc1nnc(c2ccncc2)n1C)c3noc(n3)c4cccc(Cl)c4,1
COc1cc2nc(nc(N[C@H]3CCNC3)c2cc1OC)c4cc(F)ccc4O,1
CCC(C)(C)c1ccc(cc1)S(=O)(=O)Nc2ccc(cc2)[C@]34CNC[C@H]3C4,0
CCCCCCCN(CC)CCCC(O)c1ccc(NS(=O)(=O)C)cc1,0
CCCCNC(=O)C1N(CC(C)c2ccc(Cl)cc2)C(=O)c3ccccc13,1
CCC(C)C(C)CN1CCC(CNC(=O)c2cc(Cl)cc(Cl)c2)CC1,0
OC(=O)c1ccc(cc1)C2=NN(C(C2)c3ccc(F)cc3)c4ccc(cc4)C#N,1
CN1CC(C1)c2c[nH]c3cc(ccc23)N4C=CC(=CC4=O)OCc5ccccc5,0
C[C@@H]1CCCN1CCc2ccc3nc(ccc3c2)c4cnc5cc(C)nn5c4C,1
Cn1ncc(C(=O)N2CCC(CC2)NC3=CC(=O)Nc4ccccc34)c1Cl,1
CC(C)NC(=O)C1=CN(c2cccc(Br)c2)c3ncccc3C1=O,1
N[C@H]1Cn2c(C[C@@H]1c3cc(F)c(F)cc3F)nc4cnc(cc24)C(F)(F)F.OC(=O)C(F)(F)F.OC(=O)C(F)(F)F,1
CCOC(=O)N1CCC(CN2CCC3(CC2)CC(=O)Nc4ncccc34)CC1,0
O=C(NC1(CCC1)c2ccccc2)[C@@H]3CCC[C@H]3c4cc(on4)c5ccccc5,0
O=C(NC1CC1c2ccccc2)N3CCC(CC3)c4onc(n4)c5ccccn5,1
CCOC(=O)NCc1ccc(cc1)C(=O)Nc2cc(ccc2N)c3ccccc3,1
Nc1ncnc2c3ccc(cc3sc12)c4cccc(NC(=O)N5CCCC5)c4,1
CN1C(=O)c2ccccc2N=C1c3ccc(OC4CCN(CC4)C5CCC5)cc3,0
CC1=Nc2ccccc2C(=O)N1c3ccc(OC4CCN(CC4)C5CCC5)cc3,1
CN(CCN1CCN(C1=O)c2cccc(Cl)c2)C[C@@]34CC[C@@H](CC3)C4(C)C,0
Clc1ccc(Cl)c(CN2CCN(CCN3Cc4ccccc4C3)C2=O)c1,0
NC(=O)c1cn(nc1C(=O)N)c2cccc(c2)c3ccccc3OC(F)(F)F,1
O=C(NC1CC1c2ccccc2)N3CCC(CC3)c4onc(n4)c5ncccn5,1
O=C1NCC(c2ccccc2)C13CCN(CC3)C4(CCCOC4)c5ccccc5,1
OC(=O)C[C@@H]1COc2cc3O[C@@H](COc3cc12)c4cccc(Br)c4,1
Cc1ccc(CN2CCC(CNC(=O)c3cc(Cl)cc(Cl)c3)CC2)cc1,0
Cc1cnc2c(cn(Cc3ncnc(OC(F)F)c3C)c2c1)C(=O)NCCO,1
Cc1ccccc1[C@@H]2CCc3c(O2)c4nc(C)n(C)c4cc3C(=O)NC5COC5,1
CC(C)n1ncc2CC3(CCN(CC3)C(=O)c4ccc5[nH]ncc5c4)CC(=O)c12,1
C(N1CCN(Cc2nc3ccccc3s2)CC1)c4onc(n4)c5ccccc5,1
FC(F)(F)Oc1cccc(c1)n2nnc3ccc(NCC4CCNCC4)nc23,0
Nc1ccccc1NC(=O)c2ccc(cc2)c3ncc(CN4CCC4)cc3Cl,1
CS(=O)(=O)c1ccc(cc1)c2cnc(N)c(n2)c3ccc(cc3)C(F)(F)F,0
COc1cccc2N=C(C)N(C(=O)c12)c3ccc(OCCCN4CCCC4)cc3,1
Fc1c(Cl)cccc1N2CCN(CCN3CCC(CC3)C(F)(F)F)C2=O,0
CNc1cc(Nc2cnc(C#N)c(O[C@H](C)CN(C)C)n2)ncc1C(F)(F)F,0
Oc1ccc(cn1)c2cc3sc(nc3cn2)N4CCC(CC4)N5CCCCC5,0
Cc1ncoc1c2nnc(SCCCN3CC4CC4(C3)c5ccccc5)n2C,0
CC1CCN(CCCOC2=NN(C(=O)C=C2)c3ccc(Cl)c(Cl)c3)CC1,0
CCOC(=O)[C@@H]1CNC[C@H]1Nc2nc(nc3ccccc23)c4cc(F)ccc4O,1
COCc1cnn(c1)c2ccc3OC4(CCC4)C5(COC5)C6(COC(=N6)N)c3c2,1
COc1ccc(cn1)c2cc(cnc2N)c3ccc(cc3)S(=O)(=O)NC4CC4,1
O=S(=O)(Cc1cc(nc(n1)c2ccccn2)N3CCOCC3)c4ccccc4,1
CS(=O)(=O)c1ccc(cc1F)C(CC2CCCC2)C(=O)Nc3nccs3,1
C1CC(CCN1)C2N[C@H](Cc3c2[nH]c4ccccc34)c5nc(c[nH]5)c6ccccc6,0
Clc1ccc(cc1)c2nc(COc3ccccc3C(=O)N4CCCC4)cs2,0
COc1cc(\C=C\c2nc(N)nc(Nc3ccccc3)n2)ccc1n4cnc(C)c4,0
C[C@@H]1CCCN1CCc2ccc3nc(ccc3c2)c4csc(n4)c5ccccc5,0
CS(=O)(=O)c1ccc2nc(N)n(CC(O)c3cccc(Cl)c3Cl)c2c1,1
CC(C)(c1cc(nc(n1)c2cccc3[nH]ccc23)N4CCOCC4)S(=O)(=O)C,1
Cc1cc(ccc1c2ccnc(NCc3n[nH]c(c3Cl)c4ccccn4)c2)C#N,1
Cc1c(CNC2CCCC2)nn(c3ccc(Cl)cc3Cl)c1c4cccnc4,0
COc1ccc(Nc2cc(N[C@@H]3CCOC[C@@H]3N)nnc2C(=O)N)nc1C(C)C,0
Cl.CC(C)(C)C(=O)N1CCN(C(=O)C1)c2ccc(OCCCN3CCCCC3)cc2,1
Oc1ccc(cc1)c2onc(c2)[C@@H]3CCC[C@H]3C(=O)NC4(CCC4)c5ccccc5,0
Fc1ccc(cc1)C2(COCc3cc(cc(Cl)n3)C(F)(F)F)CCNCC2,1
COc1cc2ncnc(Nc3cccc(Cl)c3F)c2cc1CN4CCOCC4,1
COc1cccc2c1nc(N)n3nc(CN4CCN(C[C@H]4C)c5ccccc5)nc23,1
Cc1c[nH]c2c(Nc3nc(N[C@@H]4CCCC[C@@H]4N)cc5N=CNC(=O)c35)cccc12,1
C1CCN(CC1)C2CCN(CC2)c3oc4cc(cnc4n3)c5cnc6cnccn56,1
CN1C(=O)[C@H](NC(=O)CCC2CCCCC2)N=C(c3ccccc3)c4ccccc14,1
CC1=Nc2ccccc2C(=O)N1c3ccc(OC4CCN(CC4)C5CCCC5)cc3,0
COc1cccc2c1nc(N)n3nc(CN4CCN(C[C@H]4C)c5ccccn5)nc23,1
Fc1cccc(c1)C2(CCC2)NC(=O)[C@@H]3CCC[C@H]3c4cc(on4)c5ccccc5,0
COc1cc(\C=C\C2=Nc3sc4CCCc4c3C(=O)N2)ccc1n5cnc(C)c5,1
Cc1cc(C)nc(Nc2cc(N[C@@H]3CS(=O)(=O)CC[C@@H]3N)cnc2C(=O)N)c1,1
COc1cccc(c1)c2cccc(c2)C3(N=C(C)C(=N3)N)C4CCN(CC4)C(=O)C,1
C1CC(CCO1)[C@H]2N[C@H](Cc3c2[nH]c4ccccc34)c5nc(c[nH]5)c6ccsc6,0
NC1=NC2(CO1)c3cc(ccc3OCC24CC4)c5cncc(OCC(F)(F)F)c5,0
Cc1c[nH]c2c(Nc3nc(N[C@@H]4CCOC[C@@H]4N)cc5N=CNC(=O)c35)cccc12,1
O=C(Nc1ccc(cc1)c2oc(NCCCN3CCCCC3)nn2)c4ccccc4,1
Cc1ccccc1[C@@H]2CCc3c(O2)c4nc(C)n(C)c4cc3C(=O)N5CC(CO)C5,1
CCN(CC)CCN(C)c1ccc(cc1)N2C=CC(=CC2=O)OCc3ccccc3,0
CC(C)C(=O)N1C[C@@H]2C[C@H]1CN2C(=O)[C@]3(CC[C@H](C3)NC4CCOCC4)C(C)C,1
OCCN1CCC(CC1)N(C(=O)NCc2ccc(F)cc2)c3ccc(Cl)cc3,0
CN(C(=O)C)c1ccc(OC2CN(C2)c3c4CCNCCc4nc5ccnn35)cc1,0
Fc1ccc(cc1)n2cc(C3CCN(CCN4CCNC4=O)CC3)c5ccccc25,0
COc1ccccc1CCNCC(=O)N2CCc3ccccc3C2C4CCCCC4,0
Cl.C[C@H]([C@H](N)C(=O)N1CC[C@H](F)C1)C2CCC(CC2)N(C)C(=O)c3cccc(F)c3,1
O=C1CCCN1C2CCN(Cc3ccc(Oc4nc5ccccc5s4)cc3)CC2,1
Fc1ccc(cc1)N2CC(C3CCN(CCN4CCNC4=O)CC3)c5ccccc25,0
CNS(=O)(=O)c1ccc(cc1)c2cnc(N)c(n2)c3ccc(nc3)C(F)(F)F,1
Cc1ncoc1c2nnc(SCCCN3CCC4CC4(C3)c5ccccc5)n2C,0
CCCCN1CCC[C@@H]1CN2N=C(Cc3ccc(Cl)cc3)c4ccccc4C2=O,0
CS(=O)(=O)Nc1ccc2c(c1)nc3C[C@@H]([C@@H](N)Cn23)c4cc(F)c(F)cc4F.OC(=O)C(F)(F)F,1
Cc1ncc(OC[C@]2(C[C@H]2C(=O)Nc3ccc(F)cn3)c4ccccc4F)c(C)n1,0
C[C@H]([C@H](N)C(=O)N1CC[C@H](F)C1)c2ccc(cc2)c3cccc(c3)c4noc(O)n4.OC(=O)C(F)(F)F,1
CC[C@@]1([C@@H]2CN(CC3Cc4ccccc4C3)C[C@H]12)c5cccc(NS(=O)(=O)C)c5,0
Clc1ccc(NC(=O)N2CCN(C[C@@H]3CCCN(C3)C4CC4)CC2)cc1Cl,0
COc1cc(ccn1)C2(N=C(N)c3c(F)cccc23)c4cccc(c4)c5cncnc5,0
ONC(=O)\C=C\c1ccc(CNCCc2c([nH]c3ccccc23)c4ccccc4)cc1,0
Cc1ccc(cc1)N2Cc3c(nc(C)c(CN)c3c4ccc(Cl)cc4Cl)C2=O,0
CC1(C)Oc2ccc(NC(=O)c3ccc(F)cn3)cc2C4(COC(=N4)N)C15COC5,1
CC(=O)Nc1ccc(cc1)S(=O)(=O)Nc2ccccc2C(=O)c3ccc(F)cc3,1
CN1C(=O)[C@H](NC(=O)C(N)Cc2ccccc2)N=C(c3ccccc3)c4ccccc14,1
[Cl-].CC(C)(C)CC(C)(C)c1ccc(OCCOCC[N+](C)(C)Cc2ccccc2)cc1,0
COCCN1CCC[C@@H]1CN2N=C(Cc3ccc(Cl)cc3)c4cnccc4C2=O,0
Cc1cc(nn1c2cccc(c2)c3ccc(cc3C(F)(F)F)C(F)(F)F)C(=O)N,0
COc1cc(ccc1n2cnc(C)c2)c3cn(Cc4cccc(c4)C(F)(F)F)nn3,0
COc1ccc(cc1)c2cc(NC(=O)CCCCN3CCCN(CC3)C(=O)C)[nH]n2,0
CCN1CCN[C@H](C1)C(=O)N2CCN(CC2)C(=O)Nc3ccc(Cl)c(Cl)c3,1
C[C@@H]1CCCN1CCc2ccc(cc2)c3ccc(cc3)S(=O)(=O)N4CCOCC4,0
Cl.C[C@@H]1CCCCN1CCCNCc2ccc(CNCCCN3CCCC[C@H]3C)cc2,1
CC(C)(C)NC(=O)NCCN1CCC(CNC(=O)c2cc(Cl)cc(Cl)c2)C1,1
CC(C)N1CCO[C@@H](CN2CCN(CC2)C(=O)Nc3ccc(Cl)c(Cl)c3)C1,1
CC(C)S(=O)(=O)N[C@H]1CN(C)C[C@@H]1c2ccc(cc2)c3cccc(NC(=O)C)c3,0
Clc1ccc(OCCCc2cccc(CCCOc3ccc(Cl)cc3)n2)cc1,0
Cc1cc(F)ccc1C2=C(Oc3ccc(\C=C\C(=O)O)cc3)c4ccccc4OC2=O,1
COc1ccccc1c2onc(c2)[C@@H]3CCC[C@H]3C(=O)NC4(CCC4)c5ccccc5,0
CN([C@@H]1CCN(C1)C2CCCCC2)C(=O)c3ccc(cc3)n4c(C)nc5ccccc45,1
OC(=O)c1ccc(cc1)N2N=C(CC2c3ccc(F)cc3)c4ccc5NC(=O)Oc5c4,1
O[C@@H]([C@H]1CC[C@@H](Cc2ccc(NC(=O)CN3C=CC=CC3=O)cc2)N1)c4ccccc4,1
ONC(=O)\C=C\c1ccc(CNCCc2c([nH]c3ccccc23)c4cccs4)cc1,0
Cc1ncc(cc1F)c2c(C)c(CN[C@H]3CC[C@@H](F)C3)nn2c4ncccc4Cl,1
CN(C)CC(O)Cn1ncc2cc(ccc12)N3C=CC(=CC3=O)OCc4ccccc4,0
CCC(NCCCC[C@@H](Cc1cc(C)c(F)c(C)c1)C(=O)NO)c2ccc(F)cc2,0
CN(C)C(=O)c1ccc(cc1)C(=C2CCN(Cc3cscn3)CC2)c4ccccn4,1
CC(C)(C)c1onc(NC(=O)n2ccc3nc(Oc4ncnc5CNCc45)ccc23)c1,1
COc1ccc2C(=O)N(C(=Nc2c1)C)c3ccc(OC4CCN(CC4)C5CCC5)cc3,1
Cl.Cl.CC(C)n1nc(C(=O)NCC2CCN(CCc3ccc(N)cc3)CC2)c4ccccc14,0
Nc1nc2ccc(NCC(F)(F)F)nc2n1CC(O)c3ccc(Cl)cc3Cl,1
ON(C[C@@H](CC1CCCC1)C(=O)N2CC=C[C@H]2C(=O)Nc3ccc(F)c[n+]3[O-])C=O,1
COc1ccc(COC2=CC(=O)N(C=C2)c3ccc(OCCN4CCCC4)cc3)cc1,0
Cc1ccc(Nc2nccc3ccc(NC(=O)CCCCCCC(=O)NO)cc23)cc1,1
C[C@@H]1CN(C[C@H](C)O1)c2nc(N3CCOC[C@@H]3C)c4ncc(nc4n2)c5ccccc5,1
CC(=O)Nc1cc(Nc2cc(NC3COC3)n4ncc(C#N)c4n2)c(F)cc1C5CC5,1
Cn1cc(cn1)c2cnc3C=Cc4ccc(NS(=O)(=O)N5CCC5)cc4C(=O)c3c2,1
NC1=NC(c2cccc(c2)c3cncnc3)(c4ccnc(c4)C5CC5)c6cccc(F)c16,0
O=C1CCCN1C2CCN(CCc3ccc(Oc4nc5ccccc5s4)cc3)CC2,0
OC(c1ccnc(Cl)c1)(c2ccc3c(cnn3c4ccc(F)cc4)c2)C(F)(F)F,1
CCN1C[C@@H]2[C@@H](CN(Cc3cccc(OC(F)(F)F)c3)C(=O)c4cn(C)cn4)[C@@H]2C1,0
COc1cc(OC2CNC2)ccc1Nc3ncc(Cl)c(n3)c4cnc5ccccn45,0
CC1=CN=C(NCC(F)(F)c2ccccc2)C(=O)N1CC(=O)NCCONC(=N)N,1
Fc1ccc(cc1)C(=O)Nc2ccc(cc2)c3oc(NCCCN4CCCCC4)nn3,0
CN(C)[C@H]1CCN(CC(=O)Nc2cc(nc(n2)c3oc(C)cc3)n4nc(C)cc4C)C1,0
CC(C)(C)NC(=O)C1N(Cc2ccccc2c3ccccc3)C(=O)c4cc(ccc14)C#N,1
Nc1nc2ccc(cc2n1CC(O)c3ccc(cc3Cl)C(F)(F)F)C(F)(F)F,1
CC1=Nc2cccc(Cl)c2C(=O)N1c3ccc(OC4CCN(CC4)C5CCC5)cc3,0
CN1C[C@H]2C[C@H](C[C@H]2C1)N(Cc3ccc(F)c(c3)C(F)(F)F)C(=O)c4cn(C)cn4,0
CC(C)c1cc(cc(COCC2(CCN(C)CC2)c3ccc(F)cc3)n1)C(F)(F)F,1
CCN1C=C(C=C(C)C1=O)[C@@]2(N=C(N)c3c(F)cccc23)c4cccc(c4)C#CC5CC5,0
Nc1ncnc2c3ccc(cc3sc12)c4cccc(c4)C(=O)NCCc5cccnc5,1
COc1ccc(cc1)C23CC2CN(CCCSc4nnc(c5ocnc5C)n4C)C3,0
Clc1cnc(nc1)N2CCC(CC2)[C@H]3C[C@H]3CCOc4ccc(cn4)n5ccnn5,1
CN(C)C(=O)[C@H]([C@H](N)C(=O)N1CC[C@H](F)C1)c2ccc(cc2)C3=CN4N=CNC4C=C3,1
C[C@@H]1CCCN1CCc2ccc3nc(ccc3c2)c4sc5nc6ccccc6n5c4C,0
CCOC(=O)N1CCN(CCOc2cc(C)n(n2)c3ccc(Cl)c(Cl)c3)CC1,0
COc1cc(ccc1n2cnc(C)c2)c3cn(Cc4ccc(cc4)c5noc(C)n5)nn3,1
COc1ccc(CN2CCC(CC2)NC(=O)C3=CC(=O)c4ccc(F)cc4O3)c(F)c1,0
N[C@H]1C[C@H](CC[C@@H]1c2cc(F)c(F)cc2F)N3Cc4cnc5nnc(C6CC6)n5c4C3,1
COc1cc(\C=C\2/CCCN3CCC(ON=C23)c4ccccc4)ccc1n5cnc(C)c5,0
Cc1nc(Nc2cc(N[C@@H]3CCCC[C@@H]3N)cnc2C(=O)N)cc(OCC(C)(C)O)n1,1
NC1=NC2(CO1)c3cc(NC(=O)c4ncc(Br)cn4)ccc3OCC25CC5,1
O=C1C=C(OCc2ccccc2)C=CN1c3ccc4c(cnn4CCN5CCOCC5)c3,0
CCOCC1(COCC)N[C@H](Cc2c1[nH]c3ccccc23)c4nc(c[nH]4)c5ccccc5,0
FC(F)(F)Oc1ccc2[nH]c(nc2c1)[C@@H]3CC[C@@]4(CC3)CN(C(=O)O4)c5ccccc5,0
NC1=N[C@@](c2cccc(c2)c3cncnc3)(c4ccnc(c4)C(F)F)c5cccc(F)c15,0
NC1=NC2(CO1)c3cc(ccc3OC4(CCC4)C25COC5)c6cccnc6C(F)(F)F,1
C[C@@H]1CCCN1CCc2ccc3nc(ccc3c2)c4onc(c4C)c5ccc(Cl)cc5,0
CN(C)C(=O)c1cnc(Oc2cc(cc3oc(C)cc23)C(=O)Nc4cnc(C)cn4)cn1,1
O=C(N1CCC(CC1)Oc2ccc(CN3CCCC3)cc2)c4oc(nn4)c5ccccc5,0
CN1C(=O)C=CC2=C1C=CC(=O)N2CCN3CCC(CC3)NCc4cnc(C)c(c4)C#N,1
NC(=O)c1nn(c2cccc(c2)c3ccccc3OC(F)(F)F)c(C(=O)N)c1C(=O)N,1
CC(C)c1occ(n1)c2nnc3[C@@H](C)N(CCn23)C(=O)c4ccc(cc4)c5cccs5,1
Clc1ccc(nc1)c2c[nH]c(n2)[C@H]3Cc4c([nH]c5ccccc45)[C@H](N3)C6CCOCC6,0
CC(=O)NCCc1ccccc1c2ccc([C@H]3CNCC[C@@H]3c4cccnc4)c(Cl)c2,0
CCc1ccc2C(=O)C=C(Oc2c1)C(=O)NC3CCN(Cc4ccc5OCOc5c4)CC3,0
COc1cc(\C=C\C2=Nc3ccccc3C(=O)N2c4ccccc4)ccc1n5cnc(C)c5,0
CN(C)C(=O)N1CC(=C[C@@]1(CC[C@H](N)C(F)F)c2ccccc2)c3cc(F)ccc3F,1
O=C1[C@@H]2CCN1c3cccc4ccc(Oc5cc(Cn6cncc6CN2)ccc5C#N)cc34,0
COc1cc(CCN2CCN(CC(O)c3ccc4C(=O)OCc4c3C)CC2)ccc1C#N,0
CN1Cc2ccccc2[C@@H](N=C1OCc3ccc(NS(=O)(=O)C)cc3)c4ccccc4.OC(=O)\C=C\C(=O)O,1
COc1ccc(CCC(O)[C@@H]2CCC[C@H]2C(=O)NCc3cc(Cl)cc(Cl)c3)cc1,0
COc1cc(\C=C\C2=Nc3cc(ccc3C(=O)N2)S(=O)(=O)C)ccc1n4cnc(C)c4,1
CS(=O)(=O)c1ccc(cc1)c2noc(n2)[C@@H](CC3CC3)[C@H](N)C(=O)N4CC[C@H](F)C4.OC(=O)C(F)(F)F,1
Cc1oc2ccc(cc2c1)\N=C(\NC#N)/N[C@H]3CCCCN(CC(=O)N4CCCC4)C3=O,1
CC(=O)Nc1ccc(cn1)c2cc3sc(nc3cn2)N4CCC(CC4)N5CCCCC5,1
CCNc1nc2CCN(Cc2c(n1)C(=O)N)C(=O)CCc3ccc(OC(F)(F)F)cc3,1
Cc1oc2cc(cc(Oc3ccc(cc3)S(=O)(=O)C)c2c1)C(=O)Nc4cnc(C)cn4,1
CC(C)[C@@H]1CC[C@@H](CC1)N2CC(C2)NC(=O)CNc3n[nH]c4ccc(cc34)C(F)(F)F,0
CN(C)C[C@@H]1CCN(CC(=O)Nc2cc(nc(n2)c3oc(C)cc3)n4nc(C)cc4C)C1,0
CN(C)[C@H]1CCN(CCC(=O)Nc2cc(nc(n2)c3oc(C)cc3)n4nc(C)cc4C)C1,0
CCN(CC(=O)NC1CC1)C(=O)c2ccc3c(c2)c4CC(CCc4n3C)C5CCOCC5,1
CCN(CC)Cc1ccc2C[C@H](CCc2c1)N3CCN(CCc4ccc(F)cc4)CC3=O,0
CCN1C[C@H]2C[C@H](C[C@H]2C1)N(Cc3ccc(F)c(c3)C(F)(F)F)C(=O)c4cn(C)cn4,0
Cc1ncc(CN[C@@H]2CCN(CCN3C(=O)C=Cc4ncc(F)cc34)C[C@@H]2F)cc1C#N,1
COC(=O)CCCN1CCC(CN2CCC(CC2)Oc3ccc(CO)c(Cl)c3)CC1,1
Fc1ccccc1C(=O)Nc2ccc(cc2)c3oc(NCCCCN4CCOCC4)nn3,1
Fc1ccccc1C(=O)Nc2ccc(cc2)c3oc(NCCCN4CCCOCC4)nn3,1
O=C1OCCN1C2CCN(CCOc3ccc(Oc4nc5ccccc5s4)cc3)CC2,0
Clc1ccccc1C(=O)Nc2ccc(cc2)c3oc(NCCCN4CCCCC4)nn3,0
NC(=O)c1cnc(N[C@H](C2CC2)C(F)(F)F)c3c4ccc(cc4[nH]c13)c5ccc(N)nc5,1
Fc1ccccc1C2=CNC=C(C(=O)Nc3ccc4\C(=C\c5ccc[nH]5)\C(=O)Nc4c3)C2=O,1
O=C1[C@@H]2CCN1[C@@H]3CCOc4ccc(Oc5cc(Cn6cncc6CN2)ccc5C#N)cc34,0
CCC[C@@H]1C[C@@H](CC[C@@H]1NC(=O)CNC(=O)c2cccc(c2)C(F)(F)F)N(C)C(C)C,0
CS(=O)(=O)C1(CCNCC1)c2cc(nc(n2)c3cccc4[nH]ccc34)N5CCOCC5,1
OC(=O)C1=CC(=C2C=CC=CN2C1=O)CN3CCN(CC3)c4ccc(Br)cc4,0
Fc1cc2OC(=CC(=O)c2cc1F)C(=O)NC3CCN(Cc4ccc5OCOc5c4)CC3,0
Cn1nccc1c2cc(NC(=O)c3ccc(F)cc3F)ccc2OCCN4CCOCC4,1
Cc1ncoc1c2nnc(SCCCN3CC4CCN(C4C3)c5ccc(F)cc5)n2C,0
O=C(N1CCC2(CCN(Cc3cccc(Oc4ccccc4)c3)CC2)CC1)c5ccncn5,0
NC1(CCN(CC1)c2ncnc3[nH]ccc23)C(=O)NC(CCCO)c4ccc(Cl)cc4,1
O[C@@H]([C@H]1CC[C@@H](Cc2ccc(NC(=O)[C@@H]3CCC4=CC=CC(=O)N34)cc2)N1)c5ccccc5,1
OC(=O)c1ccc(CCCCN2CCC(CC2)C(O)(c3ccccc3)c4ccccc4)cc1,1
Cc1ncc(cn1)c2cccc3OC[C@H](Cc23)NC(=O)c4ccc(OCC(F)(F)F)nc4,1
Cc1ncc(CN[C@@H]2CCN(CCN3C(=O)C=Cc4ccc(cc34)C#N)C[C@@H]2F)cc1C#N,1
OC(CNC(=O)CC1CCN(Cc2oc(cc2)c3ccc(Cl)cc3)CC1)C(F)(F)F,0
[2H]C(Nc1cc(cc2ncc(cc12)N3CCN(C)CC3)C(F)(F)F)c4cccc(c4)[N+](=O)[O-],0
Cl.CN(C)CC(=O)N1CCC(CC1)n2cc(cn2)c3cnc(N)c(c3)c4oc5ccccc5n4,1
CC(=O)c1ccc(NC(=O)NS(=O)(=O)c2ccc(OCCCN3CCCC3)cc2)cc1,1
Cc1ccc(cc1)S(=O)(=O)N\N=C\c2cn(CC(=O)Nc3ccccc3)c4ccccc24,1
COc1cc(\C=C\2/CCCN3[C@H](CCON=C23)c4ccc(F)cc4)ccc1n5cnc(C)c5,0
CC1(C)Oc2ccc(NC(=O)c3ncc(Cl)cc3F)cc2C4(COC(=N4)N)C15COC5,1
CO[C@@H]1COCC[C@@H]1N[C@@H]2CC[C@](C2)(C(C)C)C(=O)N3C[C@@H]4C[C@H]3CN4C(=O)C5CCC5,1
Cc1ncoc1c2nnc(SCCCN3CC4CC4(C3)c5ccc(Cl)cc5F)n2C,0
Cn1cnc(c1)C(=O)N(C[C@@H]2[C@H]3CN(CC4CC4)C[C@@H]23)Cc5cccc(OC(F)(F)F)c5,0
COc1cc(\C=C\2/CCCN3C2=NO[C@]3(CO)c4ccc(F)cc4)ccc1n5cnc(C)c5,0
CN(C)C(=O)[C@H]([C@H](N)C(=O)N1CCC(F)(F)C1)[C@@H]2CC[C@H](CC2)c3ccc4ncnn4c3,1
C(Oc1ccccc1)C#Cc2cc(cs2)c3n[nH]c4c3Cc5cc(Cn6cccn6)ccc45,1
Nc1nc2[C@@H](CCc2s1)C(=O)Nc3ccc(C[C@@H]4CC[C@@H](N4)[C@H](O)c5ccccc5)cc3,0
FC1(CCc2ccc3C(=O)OCc3c2)CCN(CC1)C(=O)Cc4ccc(cc4)n5cnnn5,0
CC(C)Oc1ccc(cc1C#N)c2onc(n2)c3cnc4CN(CCc4c3C)C(CO)CO,1
COc1cccc2c1nc(N)n3nc(CN4CCN(C[C@H]4C)c5cnn(c5)C(C)(C)C)nc23,1
C[C@H](O)C(=O)N1CCN(CC1)c2ccc(Nc3nccc(n3)c4cnc(C)n4C(C)C)cc2,1
CC(C)[C@@]1(CC[C@H](C1)NC2CCOCC2F)C(=O)N3C[C@@H]4C[C@H]3CN4C(=O)C5CCCC5,1
CO[C@@H]1COCC[C@@H]1N[C@@H]2CC[C@](C2)(C(C)C)C(=O)N3C[C@@H]4C[C@H]3CN4C(=O)C(C)(C)C,1
CCN1CCN(CC1)c2cc3[nH]c(S[C@@]4(C)CC[C@@H](CC4)C(=O)NC)nc3cc2Cl,1
COc1ccc2CN(C(=O)c2c1)c3nc(cs3)C(=O)Nc4cnccc4N5CCNCC5,1
CCNc1ncc2C=C(C(=O)N(CCCO)c2n1)c3ccc(cc3Cl)c4cncc(C)n4,1
COc1ccc(cc1CO)c2ccc3c(nc(nc3n2)N4CC[C@@H](O)C4)N5CCOC[C@@H]5C,1
O=C1CCCCN1C2CCN(CCOc3ccc(Oc4nc5ccccc5s4)cc3)CC2,1
Cn1nc(NCC(=O)NC2CN(C2)[C@@H]3CC[C@@H](CC3)C(=O)N)c4cc(ccc14)C(F)(F)F,1
CCCOCCN1C(=O)C(=Nc2cnc(cc12)c3ccc(OC)nc3)N4CCN(CC)CC4,0
O[C@H](CNC(=O)c1c[nH]nc1C2CC2)CN3CCC(CC3)Oc4ccc(Cl)c(Cl)c4,0
O\N=C(/c1ccc(CN2CCC3(CC2)OCc4cc(F)ncc34)cc1)\c5ccc(F)c(F)c5,0
CN(C)S(=O)(=O)N(C)[C@@H]1CCCN2C(=O)C(=C(N=C12)C(=O)NCc3ccc(F)cc3)O,1
CS(=O)(=O)c1ccc(cc1)c2cnn3ccc(nc23)c4cccc(c4)S(=O)(=O)C5CC5,1
CC(C)[C@@]1(CC[C@H](C1)NC2CCOCC2F)C(=O)N3C[C@@H]4C[C@H]3CN4C(=O)OC(C)(C)C,1
CNC(=O)c1nc(cnc1N)c2ccc(Cl)c(c2)S(=O)(=O)Nc3cccc(F)c3F,1
CNC(=O)[C@@]12C[C@@H]1[C@H]([C@H](O)[C@@H]2O)n3cnc4c(NC)nc(nc34)C#Cc5ccc(F)c(F)c5,1
COc1nc(ccc1n2cnc(C)c2)c3nc4[C@@H](CCCn4n3)c5ccccc5C(F)(F)F,1
COCCOc1cc2ncc(C(=O)N)c(Nc3ccc(C)cc3F)c2cc1N4CCOCC4,1
CC(C)N(CCc1c(nn2ccccc12)c3ccccc3)Cc4ccc(\C=C\C(=O)NO)cc4,1
CC(C)N1CCN(Cc2cnc(c3ccc(cc3)C(=O)Nc4ccccc4N)c(c2)C#N)CC1,1
CC(C)(C#N)c1cnc(s1)N2CCN(CC2)C(=O)[C@@H]3CCCC[C@H]3C(=O)NC4(CC4)C#N,1
Cc1nc2cc3CCN(CCCSc4nnc(c5ocnc5C)n4C)CCc3cc2s1,0
CNC(=O)c1c(NCC2CCC3(CCCC3)CC2)nc(nc1OCC4CCN(C)CC4)C#N,0
CN1CCN(CC1)c2ccc3nc(N)n(CC(O)c4ccc(cc4Cl)C(F)(F)F)c3n2,1
Clc1cccc(COc2cc3cncnc3cc2NC(=O)Nc4cccc5ccccc45)c1,1
C[C@@H](NC(=O)Cc1ccc(cc1)c2cnn3ncccc23)c4ccc(OCC(F)(F)F)cn4,1
FC1CCN(CCCCNc2oc(nn2)c3ccc(NC(=O)c4ccccc4F)cc3)CC1,0
CCOc1cc2ncc(C(=O)N)c(Nc3ccc(F)cc3F)c2cc1N4CCCN(C)CC4,1
Cl.COc1ccccc1N2CCN(CCCCCC(=O)n3c4ccccc4c5ccccc35)CC2,0
Cc1ccc2c(cccc2n1)c3nnc(SCCCN4CC5CC5(C4)c6ccccc6)n3C,0
CN(C)CCC(NC(=O)C1(N)CCN(CC1)c2ncnc3[nH]ccc23)c4ccc(Cl)cc4,1
OCCONC(=O)c1ccc2cncn2c1Nc3ccc(I)cc3F,0
FC(F)(F)Oc1ccc(CNC(=O)C2N(CCc3cnccn3)C(=O)c4ccccc24)cc1,0
CC(C)(O)c1ccc(c[n+]1[O-])c2cccc(c2)N3C=C(C(=O)NC4CC4)C(=O)c5cccnc35,1
CS(=O)(=O)Nc1ccc2OC3(CCN(CCc4ccc5nonc5c4)CC3)CC(=O)c2c1,0
COc1ccc2nccc([C@@H]3CN(C4CCN(Cc5cc6ccccc6[nH]5)CC4)C(=O)O3)c2c1,0
Fc1ccccc1C(=O)Nc2ccc(c(F)c2)c3oc(NCCCCN4CCOCC4)nn3,1
CC1=Nc2cccc(c2C(=O)N1c3ccc(OC4CCN(CC4)C5CCC5)cc3)C(F)(F)F,1
CCOC(=O)N1CCC(CN2CCC3(CC2)CN(C(=O)N(CC)CC)c4ncccc34)CC1,0
CCOC[C@H](Oc1ncnc2c1cnn2c3ncccc3Cl)C(=O)Nc4ccc(F)cn4,1
CN1CCN(CCCCN2C(=O)CN(\N=C\c3oc(cc3)c4ccc(Cl)cc4)C2=O)CC1,0
Clc1ccc(Cl)c(NC(=O)NS(=O)(=O)c2ccc(OCCN3CCCC3)cc2)c1,1
Cn1c(SCCCN2C[C@@H]3C[C@@]3(C2)c4ccc(cc4)C(F)(F)F)nnc1c5ccccc5,0
Clc1ccc(cc1)n2c(nc3c(ncnc23)N4CCCCC4)c5ccc(Cl)cc5Cl,0
Fc1ccc2C(=O)C=C(Oc2c1)C(=O)NC3CCN(Cc4cc5OCOc5cc4Cl)CC3,0
COc1cc2nnc(C(=O)N)c(Nc3ccc(C)cc3F)c2cc1N4CCS(=O)(=O)CC4,1
CCc1c(CCN2CCN(CC2)C(=O)Cc3ccc(cc3)n4cnnn4)ccc5C(=O)OCc15,1
C[C@@H](NCCNC(=O)C)c1cnc2c(C)c(NC(=O)c3ccc(OCC4CC4)cc3)ccc2c1,1
CC(C)(N)C(=O)N1CCC(CC1)c2ccc(NC(=O)c3nc(c[nH]3)C#N)c(c2)C4=CCCCC4,1
Nc1ccc(cc1NC(=O)c2ccc(cc2)C(=O)N3CCC4(CCCN4)CC3)c5cccs5,1
O[C@H](CCNC(=O)c1cc2ccccc2[nH]1)CN3CCN(CC3)c4cccc(Cl)c4Cl,0
Fc1ccc(cc1)C(CCCN2CCC(CC2)N3C(=O)Nc4ccccc34)c5ccc(F)cc5,0
FC(F)(F)Oc1ccc(CNC(=O)C2N(CCC3CCOCC3)C(=O)c4ccccc24)cc1,1
COc1cc2C(=O)OCc2cc1CCN3CCN(CC3)C(=O)Cc4ccc(cc4)n5cnnn5,1
C[C@@H]1CN(CCN1c2ncc(OCc3ccc(cc3F)C#N)cn2)c4oc(nn4)C(F)(F)F,1
COc1ccc2nccc(\C=C\[C@@H]3CC[C@H](CO3)NCc4ccc5SCC(=O)Nc5n4)c2n1,0
O=C(NC1(CC1)C#N)[C@@H]2CCCC[C@H]2C(=O)N3CCN(CC3)c4nc(cs4)c5ccccc5,1
CC(C)[C@@]1(CC[C@H](C1)NC2CCOCC2F)C(=O)N3C[C@@H]4C[C@H]3CN4C(=O)C5CCCCC5,1
COc1ncc(cn1)c2cccc(F)c2CCNC(=O)c3ccc(OCCC(F)(F)F)nc3,0
COc1ccc(cc1)c2oc(nn2)C(=O)N3CC(C3)Oc4ccc(CN5CCCOCC5)cc4,1
COc1ccc2N=CC(=O)N(CCN3CCC(CC3)NCc4ccc5OCC(=O)Nc5n4)c2c1,1
COc1ccc(cc1Nc2ncc(Cl)c(n2)c3cnc4ccccn34)C(=O)N5CCOCC5,0
C\C(=N\O)\c1cnc(NC(=O)[C@H](CC2CCCC2)c3ccc(c(Cl)c3)S(=O)(=O)C)cn1,1
CCOC(=O)N1CCC(C)(CC1)Sc2nc3cc(Cl)c(cc3[nH]2)N4CCN(CC)CC4,0
COc1cc2CC[C@@H](Oc2c(c1)N3CCN(C)CC3)C(=O)Nc4ccc(cc4)N5CCOCC5,1
CN1CCN(CC1)c2ccc3c(Cc4c(n[nH]c34)c5csc(c5)C#CCOc6ccccc6)c2,0
Clc1cc(CCN2CCN(CC2)C(=O)Cc3ccc(cc3)n4cnnn4)cc5COC(=O)c15,1
Clc1c(CCN2CCN(CC2)C(=O)Cc3ccc(cc3)n4cnnn4)ccc5C(=O)OCc15,1
CCC(=O)N1CCC(CN2CC[C@H](NC(=O)c3cc(Cl)c(N)cc3OC)[C@@H](C2)OC)CC1,1
CN(C)C(=O)Oc1cc2OC(=O)C(=C(C)c2cc1F)Cc3cccc(NS(=O)(=O)N)c3F,1
CO\N=C(\c1ccc(CN2CCC3(CC2)OCc4cc(F)ncc34)cc1)/c5ccc(F)c(F)c5,0
COc1ccc2OCC(=O)N(CCN3CCC(CC3)NCc4ccc5OCC(=O)Nc5n4)c2c1,1
COCCCN(C)S(=O)(=O)Nc1ccc2C=Cc3ncc(cc3C(=O)c2c1)c4cnn(C)c4,1
COc1cc(NC(=O)c2ccccc2F)ccc1c3oc(NCCCCN4CCCCC4)nn3,1
CS(=O)(=O)Nc1ccc2OC3(CCN(CC3)[C@@H]4CCc5cc(ccc5C4)C#N)C[C@@H](O)c2c1,0
CO[C@@]12CC[C@@]3(C[C@@H]1[C@](C)(O)C(C)(C)C)[C@H]4Cc5ccc(O)c6O[C@@H]2[C@]3(CCN4CC7CC7)c56,1
CCOC(=O)[C@@H]1CC[C@@H](CC1)N2CC(C2)NC(=O)CNc3noc4ccc(cc34)C(F)(F)F,0
COC1COCCC1N[C@@H]2C[C@H]3OCC[C@]3(C2)C(=O)N4CCc5ccc(cc5C4)C(F)(F)F,1
CC(C)[C@@]1(CC[C@H](C1)NC2CCOCC2)C(=O)N3CCN(CC3)c4cc(ccn4)C(F)(F)F,0
CNC(=O)c1c(NCC2CCC3(CCC3)CC2)nc(nc1OCC4CCN(CC4)C(=O)C)C#N,0
CC(Oc1ccc2nc(N)n(CC(O)c3ccc(cc3Cl)C(F)(F)F)c2n1)C(F)(F)F,1
CC1(C)N(C(=S)N(C1=O)c2ccc(C#N)c(c2)C(F)(F)F)c3cncc(c3)S(=O)(=O)N,1
COc1ccc2ncc(F)c(CCN3CC[C@@H](NCc4cc5OCCOc5cn4)[C@H](O)C3)c2n1,0
CN(C)C(=O)COc1ccc2c(Cc3c(n[nH]c23)c4csc(c4)C#CCOc5ccccc5)c1,1
Cc1nc2C(=O)N(CC(=O)NCc3cccnc3)Cc2c(c1CN)c4ccc(Cl)cc4Cl,1
COc1ccc2nc3cc(Cl)ccc3c(N(CCCN(C)C)\C(=N\CCCN(C)C)\C)c2n1,1
CCN1CCN(CC1)c2cc3[nH]c(S[C@@]4(C)CC[C@@H](CC4)S(=O)(=O)C)nc3cc2Cl,1
FC(F)(F)c1ccc(NC(=O)NS(=O)(=O)c2ccc(OCCN3CCCCC3)cc2)cc1,1
C[C@@H](N(C)c1cc(F)cc(F)c1)c2cc(cc3C(=O)C=C(Oc23)N4CCOCC4)C(=O)N(C)C,1
COCCOc1cc2ncc(C(=O)N)c(Nc3ccc(F)cc3F)c2cc1N4CCN(C)CC4,1
Fc1ccccc1C(=O)Nc2ccc(c(Cl)c2)c3oc(NCCCCN4CCCCC4)nn3,0
CC1=C([C@@H](c2ccc(Cl)c(Cl)c2)n3nc(C)cc3N1)C(=O)N4CCC[C@H]4c5onc(C)c5,1
CN(C1CCN(Cc2ccc(cc2)c3noc(C)n3)CC1)C(=O)Cc4ccc(cc4)n5cnnn5,0
CN1C(=O)N(Cc2ncccc2C#N)C(=O)c3c1c(C#N)c(N4CCC[C@H](N)C4)n3CC=C(C)C,0
COc1ccc(cc1)[C@H]2CN(CCC3(O)CCOCC3)C[C@@H]2CC(=O)Nc4cccc(Cl)c4,0
Cc1ccc(cn1)c2nnc(SCCCN3C[C@@H]4C[C@@]4(C3)c5ccc(cc5)C(F)(F)F)n2C,0
CC(C)[C@@]1(CC[C@H](C1)NC2CCOCC2)C(=O)N3C[C@@H]4C[C@H]3CN4C(=O)CC(C)C(F)(F)F,1
CCOc1cc(CN2CCC(CC2)Nc3oc4ccc(cc4n3)C(=O)O)cc(OCC)c1Cl,1
O[C@@H]1CN(CCN2C(=O)C=Cc3ccc(cc23)C#N)CC[C@@H]1NCc4ccc5OCC(=O)Nc5n4,1
Clc1ccc(cc1)C(=O)N2CCC3(CCN(Cc4cccc(Oc5ccccc5)c4)CC3)CC2,0
CO[C@H]1CN(CCN2C(=O)C=Cc3ccc(cc23)C#N)CC[C@@H]1NCc4cc5OCCOc5cn4,1
CC(=O)N[C@@H]1CC(C)(C)Oc2nc(c(cc12)c3ccc(Cl)cc3)c4ccc(Cl)cc4Cl,0
Fc1cnc(CCN2C(C(=O)NCc3ccc(F)c(c3)C(F)(F)F)c4ccccc4C2=O)nc1,1
CN1CCC(COCc2cc(cc(n2)N3CCC(C3)C#N)C(F)(F)F)(CC1)c4ccc(F)cc4,0
Fc1ccc(CC2=CNC(=O)c3cc(Cl)c(Cl)n23)cc1C(=O)N4CCC5(CCCN5)CC4,1
OC(=O)c1cccc(c1)C(=O)N2CCC(CC2)N3CCC(CC3)Oc4ccc(Cl)c(Cl)c4,1
OC(=O)Cc1ccc(cc1)N2CCC(CN3CCC(CC3)Oc4ccc(Cl)c(Cl)c4)CC2,1
CN([C@@H]1CCN(Cc2ccc(cn2)C(F)(F)F)C[C@@H]1F)C(=O)Cc3ccc(cc3)n4cnnn4,1
CC(=O)NC1CCN(C1)C(=O)NC2CCN(Cc3ccn(c3)c4ccc(cc4)C(F)(F)F)CC2,1
COC[C@H](C)Oc1cc(Oc2ccc(cc2)S(=O)(=O)C)cc(c1)C(=O)Nc3nc(C)ns3,1
Cc1ncoc1c2nnc(SCCCN[C@@H]3CC[C@@]4(CC34)c5ccc(cc5)C(F)(F)F)n2C,0
Cc1ncoc1c2nnc(SCCCN3CCC4(CC4C3)c5cccc(c5)C(F)(F)F)n2C,0
Cc1cc(c2ccc3CCN(CCCSc4nnc(c5ocnc5C)n4C)CCc3c2)n(C)n1,0
COc1ccc(NC(=O)\C=C\CN(C)C)cc1Nc2ncc(Cl)c(n2)c3cnn4ccccc34,0
Clc1cccc(Cl)c1COc2oc(COc3ccccc3\C=C/4\SC(=O)NC4=O)nn2,1
COc1cnc2C=CC(=O)N(C[C@H](N)[C@@H]3CC[C@H](CC3)NCc4ccc5OCC(=O)Nc5n4)c2c1,1
C[C@@H](CO)Oc1cc(Oc2ccc(cc2)C(=O)N3CCC3)cc(c1)C(=O)Nc4ccn(n4)C(C)C,1
CC(=O)N1CCN(CCC[C@]2([C@@H]3COc4ccc(F)cc4N3N=C2C(=O)C)c5ccccc5)CC1,0
Cc1ncoc1c2nnc(SCCCN3CC4CC4(C3)c5cccc(OC(F)(F)F)c5)n2C,0
C[C@@H](N1C(=O)O[C@@](Cc2ccccc2)(C1=O)c3oc(nn3)C4(CC4)c5ccccc5)c6ccccc6,1
COc1c(Nc2ccc(nc2C)S(=O)(=O)C)ncnc1OC3CCN(CC3)C(=O)OC(C)C,1
CN1CCC(Cc2ccc3c(Cc4c(n[nH]c34)c5csc(c5)C#CCOc6ccccc6)c2)CC1,0
Cc1ccc(NC(=O)[C@H](COC2CCC2)Oc3ncnc4c3cnn4c5ncccc5Cl)nc1,1
COc1cc(\C=C\2/CCCN3[C@H]([C@H](O)CON=C23)c4cc(F)cc(F)c4)ccc1n5cnc(C)c5,1
CC(C)CS(=O)(=O)n1ccc2c(cc(nc12)N3CCN(C)CC3)c4ccc(cc4)C(F)(F)F,0
COc1cc(\C=C\2/CCCN3CCC(ON=C23)c4cc(F)cc(Cl)c4)ccc1n5cnc(C)c5,0
Cc1ccc(cc1)S(=O)(=O)N\N=C\c2cn(CC(=O)Nc3ccccc3Cl)c4ccccc24,1
CO[C@H]1CN(CCN2C(=O)C=Nc3ccc(OC)cc23)CC[C@H]1NCc4cc5OCCOc5cn4,1
COc1ccc2nccc(C(O)C[C@@H]3CC[C@H](CO3)NCc4ccc5SCC(=O)Nc5n4)c2n1,0
Cl.CSc1ccc(cc1)[C@@H]2N=C(OCc3ccc(NS(=O)(=O)C)cc3)N(C)Cc4ccccc24,1
CO[C@@H]1CN(CC2CCN(CC2)C(=O)N(C)C)CC[C@@H]1NC(=O)c3cc(Cl)c(N)cc3OC,1
COc1ncc(cn1)c2ccccc2C(F)(F)CNC(=O)c3ccc(COCC(F)(F)F)nc3,1
COc1cc(\C=C\2/CCCN3CCC(ON=C23)c4cc(F)c(F)c(F)c4)ccc1n5cnc(C)c5,0
COc1cc(\C=C\2/CCCN3[C@H](CCON=C23)c4cc(F)c(F)c(F)c4)ccc1n5cnc(C)c5,0
FC(F)(F)Oc1cccc(c1)c2c[nH]c(n2)[C@H]3Cc4c([nH]c5ccccc45)[C@H](N3)C6CCOCC6,0
CCN(C1CCN(Cc2ccc(cc2)C(F)(F)F)CC1)C(=O)Cc3ccc(cc3)S(=O)(=O)C,0
COCCN1CCCC(CN2C(=O)c3nn(cc3N=C2c4cccnc4C)c5ccc(cc5)C#N)C1,1
CC(C)N1C(=O)[C@@H](CCc2ccccc12)NC(=O)[C@@H](Cc3ccccc3F)NC(=O)OC(C)(C)C,1
CCc1oc2cc3CCN(CCCSc4nnc(c5ccc(F)c(F)c5)n4C)CCc3cc2n1,0
FC(F)(F)c1ccc2ncnc(NCC(=O)NC3CN(C3)[C@@H]4CC[C@@H](CC4)c5ccccn5)c2c1,1
Brc1ccc2C(=O)C=C(Oc2c1)C(=O)NC3CCN(Cc4ccc5OCOc5c4)CC3,0
CS(=O)(=O)c1ccc(OCC(F)(F)F)c(c1)C(=O)N2CCN(CC2)c3ccc(cc3F)C#N,0
COc1ccc(cc1)C23CC2CN(CCCSc4nnc(c5cccc6nc(C)ccc56)n4C)C3,0
OCc1ccc(OC2CCN(CC3CCN(CC3)[C@@H](Cc4ccccc4)C(=O)O)CC2)cc1Cl,1
CC(C)Nc1ncc2nc(Nc3c(F)cc(F)cc3F)n([C@@H]4CC[C@@H](CC4)C(=O)NC5CC5)c2n1,1
CCN(CC)Cc1ccc2C[C@H](CCc2c1)N3CCN(CCc4cccc(c4)C(F)(F)F)CC3=O,1
O[C@H](COc1cc(O)ccc1NC(=O)NC2CC2)CN3CCC4(CC3)Cc5cc(Cl)ccc5O4,0
CC(C)OC[C@H](Oc1ncnc2c1cnn2c3ncccc3Cl)C(=O)Nc4ccc(Cl)cn4,1
CNC(=O)c1cc(Oc2ccc3nc(NC(=O)Nc4ccc(Cl)c(Cl)c4)sc3c2)ccn1,1
NCC(=O)N1CCN(CC1)c2cnc3cc(cc(NCc4cccc(c4)[N+](=O)[O-])c3c2)C(F)(F)F,0
CC(C)(C)NC(=O)c1c[nH]c2ncc(nc12)c3nn(CCC(O)CO)c4ccc(OC(F)F)cc34,0
CO[C@H]1CN(CCN2C(=O)C=Cc3ccc(cc23)C#N)CC[C@H]1NCc4ccc5OCC(=O)Nc5n4,1
CO[C@@H]1CN(CCN2C(=O)C=Cc3ccc(cc23)C#N)CC[C@H]1NCc4ccc5OCC(=O)Nc5n4,1
Cc1cc(Cl)ccc1OC2CCN(CC3CCN(CC3)[C@@H](Cc4ccc(F)cc4)C(=O)O)CC2,1
COc1cc(C)c2nccc(CCC34CCC(CC3)(CO4)NCc5ccc6OCC(=O)Nc6n5)c2n1,0
C[C@H](Oc1ccc(cc1C(=O)N2Cc3ccc(cc3C2)c4ccncc4)S(=O)(=O)C)C(F)(F)F,1
O[C@@]1(CC[C@H](CC1)N[C@H]2CCN(C2)C(=O)CNC(=O)c3cccc(c3)C(F)(F)F)c4ccccn4,1
CC(C)c1noc(n1)N2CCN([C@H](C)C2)c3ncc(OCc4ccc(cc4F)S(=O)(=O)C)cn3,1
O=C(NCC1(CCCC1)N2CCOCC2)N3CCC(CC3)c4onc(n4)c5ccc6ccccc6n5,0
CN(C)CCN1C(=O)N(C2CCN(CC2)C(=O)C3CCN(Cc4ccncc4)CC3)c5ccccc15,1
Fc1ccc(CC2=CNC(=O)c3cc(Cl)c(Cl)n23)cc1C(=O)N4CCC(CC4)N5CCCC5,1
CC(C)c1cc(cc2nc(oc12)c3ccc(cc3)C(=O)NC[C@@H]4CC[C@H](CC4)c5cccc(C)c5)C#N,1
Oc1ccc(CNC(=O)C2CCN(Cc3ccn(c3)c4ccc(cc4)C(F)(F)F)CC2)c(Cl)c1,0
N[C@H]1CN(C[C@@H]1c2cc(F)c(F)cc2F)c3ccc(cn3)N4C=CC(=CC4=O)OCc5ccccc5,0
Cc1ncoc1c2nnc(SCCCN3CCc4ccc5nc(oc5c4CC3)C(F)(F)F)n2C,0
O[C@@]1(CC23CCC(CC2)(CO3)NCc4ccc5NCCNc5n4)CN6C(=O)C=Cc7ncc(F)c1c67,1
Cc1cc(on1)c2nnc(SCCCN3CC4CCN(C4C3)c5ccc(cc5)C(F)(F)F)n2C,0
COc1nc2c(CCC34CCC(CC3)(CO4)NCc5ccc6OCC(=O)Nc6n5)ccnc2cc1F,0
COC(=O)C1(CNC(=O)c2cc(OC)cc(OC)c2)CCN(Cc3ccc(cc3)C(F)(F)F)CC1,0
COC(=O)Cc1ccc(cc1)n2cc(C3CCN(CCN4CCNC4=O)CC3)c5cc(Cl)ccc25,0
COc1ccc(cc1)[C@H]2CN(Cc3ccc(OC)c(OC)c3)C[C@@H]2CNC(=O)c4cccc(Cl)c4,0
Cc1c(Cl)ccc(OC2CCN(C[C@H](O)CNC(=O)c3c[nH]nc3C(F)(F)F)CC2)c1Cl,0
Cc1cccc(C)c1C(=O)N2CCC(C)(CC2)N3CCC(CC3)N(Cc4ccccc4)c5ccccc5,0
COc1cnc2cccc([C@@H](O)[C@H](O)[C@@H]3CC[C@H](CO3)NCc4ccc5SCC(=O)Nc5n4)c2c1,1
CCCOC(=O)N1CCC(CN2CC[C@H](NC(=O)c3cc(Cl)c(N)cc3OC)[C@@H](C2)OC)CC1,0
CO[C@@H]1CN(CC2CCN(CC2)C(=S)C(C)C)CC[C@@H]1NC(=O)c3cc(Cl)c(N)cc3OC,0
COc1cc(ccc1n2cnc(C)c2)c3cn(nn3)C4CCc5ncccc5N(CC(F)(F)F)C4=O,0
FC(F)(F)c1ccc(cc1)n2ccc(CN3CCC(CC3)NC(=O)N4CCCC4c5cccnc5)c2,0
CN(C)CCn1cc2C[C@H]3N(C[C@@H](C=C3c4cccc1c24)C(=O)N5CCCC5)C(=O)Nc6ccccc6,1
Cc1ccn2c3CCN(CCCSc4nnc(c5cccc6nc(C)ccc56)n4C)CCc3nc2c1,0
Cc1cc(OC(F)(F)F)ccc1C2=C(Oc3ccc(\C=C\C(=O)O)cc3)c4ccc(O)cc4OC2=O,1
C[C@@H]1CCCN1CCc2ccc3nc(ccc3c2)c4csc(n4)c5ccc(OCC(F)(F)F)nc5,1
CCN(C)C(=O)c1ccc(cc1)C(=C2CCN(Cc3ccc(F)cc3)CC2)c4ccccc4NC(=O)C,0
OC1CN(C[C@H](Oc2ncnc3c2cnn3c4ccccc4Cl)C(=O)Nc5ccc(Cl)cn5)C1,1
FC(F)(F)c1cc(CC(=O)N2CCN(CCc3ccc4C(=O)OCc4c3)CC2)ccc1n5cnnn5,0
CN1Cc2cccc(Oc3ncccc3NC(=O)Nc4ccc(OC(F)(F)F)cc4)c2C1C(C)(C)C,0
CCN(Cc1cc(ccc1c2cc(CC(=O)O)ccc2OC)C(F)(F)F)C(=O)OCc3ccccc3,1
Cc1oc2cc3CCN(CCCSc4nnc(c5ccc(cc5)C(F)(F)F)n4C)CCc3cc2n1,0
COC1COCCC1N[C@@H]2C[C@H]3C[C@@H](Cl)C[C@]3(C2)C(=O)N4CCc5ncc(cc5C4)C(F)(F)F,1
O[C@@H]1CC[C@H](CC1)NC(=O)[C@H](C2CCCCC2)n3c(nc4cc(F)c(F)cc34)c5ccc(Cl)cc5,0
O[C@H](COc1cc(O)ccc1C(=O)N2CC[C@H](O)C2)CN3CCC4(CC3)Cc5cc(Cl)ccc5O4,0
COC(=O)C1(CNC(=O)c2cc(Cl)cc(Cl)c2)CCN(Cc3ccccc3C(F)(F)F)CC1,0
OCc1ccc(cn1)c2cccc3OC[C@H](Cc23)NC(=O)c4ccc(OCCOCC(F)(F)F)nc4,1
FC(F)(F)c1cccc(c1)C(=O)NCC(=O)NC2CN(C2)[C@@H]3CC[C@@H](CC3)c4ccc5OCOc5c4,0
CC(C)N(C)[C@@H]1CC[C@H](NC(=O)CNC(=O)c2cccc(c2)C(F)(F)F)[C@H](CCc3ccccc3)C1,0
COc1ccc2ncc(CO)c(CCC34CCC(CC3)(CO4)NCc5ccc6OCC(=O)Nc6n5)c2n1,0
COc1cc(ccc1n2cnc(C)c2)c3cn(nn3)C4CCc5ccccc5N(Cc6ccccn6)C4=O,0
C[C@@H](O)C(=O)NC1CC(C)(C)Oc2nc(c(cc12)c3ccc(Cl)cc3)c4ccc(Cl)cc4Cl,0
Fc1ccccc1c2nc3ccn(Cc4onc(c4)c5ccc(cc5C(F)(F)F)C(F)(F)F)cc3n2,0
CN(C)c1cnc2c(CCC34CCC(CC3)(CO4)NCc5ccc6OCC(=O)Nc6n5)c(F)cnc2c1,0
CC(C)N(C)[C@@H]1CC[C@@H]([C@H](CS(=O)(=O)C)C1)N2CC[C@H](NC(=O)c3cccc(n3)C(C)(C)C)C2=O,1
C[C@H]1CN(CCN1)c2ccc(cc2)c3nc4c(N5CCN(Cc6cc(C)on6)CC5)c(Cl)cnc4[nH]3,0
COc1ccc2ncc(F)c(CCC34CCC(CC3)(CO4)NCc5ccc6OCC(=O)N(C)c6n5)c2n1,0
CNC[C@H](CC1CCCCC1)NC(=O)N2CCC[C@H](C2)[C@@](O)(CCCCOC)c3cccc(Cl)c3.OC(=O)\C=C\C(=O)O,1
O[C@@]1(CC23CCC(CC2)(CO3)NCc4cc(on4)c5cccs5)CN6C(=O)C=Cc7ncc(F)c1c67,1
O[C@@]1(CC23CCC(CC2)(CO3)NCc4ccc5OCC(=O)Nc5n4)CN6C(=O)CCc7ncc(F)c1c67,1
CC(C)c1ccc(NC(=O)c2cccc(c2)c3nn([C@@H]4CCCN(C4)C(=O)C=C)c5ncnc(N)c35)cc1,1
COC1COCCC1N[C@@H]2C[C@H]3C[C@H](C[C@]3(C2)C(=O)N4CCc5ncc(cc5C4)C(F)(F)F)C(=O)N,1
COC1COCCC1N[C@@H]2C[C@H]3CN(C[C@]3(C2)C(=O)N4CCc5ncc(cc5C4)C(F)(F)F)C(C)C,1
COc1cc(ccc1n2cnc(C)c2)c3cn(nn3)C4CC[C@@H]5CCCC[C@H]5N(Cc6ccccc6)C4=O,0
COC1COCCC1N[C@@H]2C[C@H]3CN(C[C@]3(C2)C(=O)N4CCc5ncc(cc5C4)C(F)(F)F)C(=O)N,1
CN(C)CC(=O)N1CCC2(CC1)C(=O)Nc3cc(\C=C\4/c5ccccc5COc6cc(F)ccc46)ccc23,1
CN1CCN(C[C@@H](NC(=O)C[C@H]2CNC(=O)c3cc(cn23)c4cccc(Cl)c4)C5CCCCC5)CC1,1
Cc1cc(ncn1)c2ccc3[C@@H](CCc3c2)N4CC5(CCN(CC5)C(=O)Cc6cn7cc(C)sc7n6)C4,1
OC(=O)CC(NC(=O)NC1CCN(Cc2ccn(c2)c3ccc(cc3)C(F)(F)F)CC1)c4ccccc4,1
CN1CCN(Cc2ccc3c(Cc4c(n[nH]c34)c5csc(c5)C#CCOc6cccc(Cl)c6)c2)CC1,0
O[C@@]1(CC23CCC(CC2)(CO3)NC\C(=C\c4cc(F)ccc4F)\F)CN5C(=O)C=Cc6ncc(F)c1c56,0
C[C@@H](N[C@@H]1CC[C@@H](C(=O)N2CCC(CC2)(C(=O)N3CCCC3)c4ccccc4)C(C)(C)C1)c5ccccc5,1
O[C@@]1(CC[C@@H](CC1)N2CC(C2)NC(=O)CNC(=O)c3cccc(c3)C(F)(F)F)c4ccc5CCOc5c4,1
OC1CN(C[C@H](Oc2ncnc3c2cnn3c4c(Cl)cccc4Cl)C(=O)Nc5ccc(F)cn5)C1,1
Cc1cc(c2oc3cc4CCN(CCCSc5nnc(c6ocnc6C)n5C)CCc4cc3n2)n(C)n1,0
O[C@@]1(CC23CCC(CC2)(CO3)NCc4ncc5OCCOc5c4C#N)CN6C(=O)C=Cc7ncc(F)c1c67,1
CN(C)C1CCC(CC1)Nc2nc(Nc3cc(Cl)cc(Cl)c3)ncc2C(=O)NC4CCN(C)CC4,1
CCOc1ccc(cn1)[C@@]2(O)CC[C@H](CC2)N3CC(C3)NC(=O)CNC(=O)c4cccc(c4)C(F)(F)F,1
COc1ncc(cc1C)[C@@]2(O)CC[C@H](CC2)N3CC(C3)NC(=O)CNC(=O)c4cccc(c4)C(F)(F)F,1
CCN1CCN(CC1)c2ccc(cc2)c3nc4c(N5CCN(Cc6cc(C)on6)CC5)c(Cl)cnc4[nH]3,0
COc1ccc2ncc(F)c(CCC34CCC(CC3)(CO4)N(C)C(=O)c5ccc6OCC(=O)Nc6n5)c2n1,0
CC1=CC(=O)N2C[C@](O)(CC34CCC(CC3)(CO4)NCc5ccc6OCC(=O)Nc6n5)c7c(F)cnc1c27,1
CO[C@@]1(CC23CCC(CC2)(CO3)NCc4ccc5OCC(=O)Nc5n4)CN6C(=O)C=Cc7ncc(F)c1c67,1
COc1ccc2ncc(F)c(CCC34CCC(CC3)(CO4)NCc5ccc6OC(C)(C)C(=O)Nc6n5)c2n1,0
COc1ccc(cc1)[C@H]2CN(CCc3ccc(OC)c(OC)c3)C[C@@H]2CCNC(=O)c4cccc(Cl)c4,0
COc1ccc(cc1)[C@H]2CN(CCCc3ccc(OC)c(OC)c3)C[C@@H]2CNC(=O)c4cccc(Cl)c4,0
COc1ccc2ncc(F)c(C(CO)CC34CCC(CC3)(CO4)NCc5ccc6OCC(=O)Nc6n5)c2n1,0
COc1ccc2ncc(F)c(c2n1)C(C)(O)CC34CCC(CC3)(CO4)NCc5ccc6OCC(=O)Nc6n5,0
OC(=O)c1ccc(NC(=O)[C@H](C2CCCCC2)n3c(nc4cc(F)c(F)cc34)c5ccc(Cl)cc5)cc1,0
Cl.Cl.CNCc1cc(cc(c1)C(F)(F)F)C(=O)N[C@@H]2CCc3ccc(Oc4ccnc5NC(=O)CCc45)cc3C2,0
CCn1cc(cn1)[C@]2(N[C@H](Cc3c2[nH]c4ccccc34)c5nc(c[nH]5)c6ccc(F)cn6)c7oc(NC)nn7,0
COC1COCCC1N[C@@H]2C[C@H]3CN(C[C@]3(C2)C(=O)N4CCc5ncc(cc5C4)C(F)(F)F)C6COC6,1
COc1cc(N(C)CCN(C)C)c(NC(=O)C=C)cc1Nc2ncc(C#N)c(n2)c3cn(C)c4ccccc34,1
Fc1cccc(c1F)c2nc3cnn(Cc4onc(c4)c5ccc(cc5C(F)(F)F)C(F)(F)F)cc3n2,0
OC1CN(C[C@H](Oc2ncnc3c2cnn3c4c(Cl)cccc4Cl)C(=O)Nc5ccc(cn5)C#N)C1,1
COc1ccc2ncc(F)c([C@@H](O)[C@H](O)C34CCC(CC3)(CO4)NCc5ccc6OCC(=O)Nc6n5)c2n1,1
Nc1ncc(nc1OCc2c(Cl)cccc2Cl)c3ccc(cc3)C(=O)N4CCC[C@H]4CN5CCCC5,0
Fc1ccc(CN2CCN(CC2)[C@H](c3ccc(cc3)C(=O)N4CCC4)c5cccc(NC(=O)C6CC6)c5)cc1,1
CC(CCSc1nnc(c2cccc3nc(C)ccc23)n1C)N4CCc5cc6CN(C)C(=O)c6cc5CC4,0
O=C1COc2ccc(CNC3CCN(CCN4C(=O)C=Cc5ncc(Oc6cccnc6)cc45)CC3)nc2N1,1
ONC(=O)C1(CCC2(CCNCC2)C1)S(=O)(=O)c3ccc(Oc4ccc(cc4)C(=O)N5CCCC5)cc3,1
COc1ccc2ncc(F)c(CCC34CCC(CC3)(CO4)NCc5nc6NC(=O)COc6cc5Cl)c2n1,0
COc1ccc(OC2CN(C2)C(=O)NC3CCN(Cc4ccn(c4)c5ccc(cc5)C(F)(F)F)CC3)cc1,0
CSc1ncc(s1)[C@@]2(O)CC[C@H](CC2)N3CC(C3)NC(=O)CNC(=O)c4cccc(c4)C(F)(F)F,1
COCC(O)CN(Cc1ccc(F)cc1)C(=O)CC2CCN(Cc3oc(cc3)c4ccc(Cl)cc4)CC2,0
C[C@@H](N[C@@H]1CC[C@@H](C(=O)N2CCC(CC2)(C(=O)N3CCCC3)c4ccccc4)C(C)(C)C1)c5ccc(C)cc5,1
COC(=O)c1coc(CN2CCN(CC2)C(=O)CC(c3ccc(F)cc3)c4ccc(Br)cc4)n1,0
C[C@@H]1CN(CCN1c2ncc(OCc3ccc(CS(=O)(=O)C)cc3F)cn2)c4oc(nn4)C(F)(F)F,1
CS(=O)(=O)c1ccccc1C(=O)N2CCC(CC2)N(C3CC3)S(=O)(=O)c4cccc(c4)C(F)(F)F,1
O=C(C1CCN(Cc2ccncc2)CC1)N3CCC(CC3)N4C(=O)N(CCN5CCCCC5)c6ccccc46,1
C[C@@H](Oc1cccc(Cn2c(C)c(C(=O)c3ccc(Cl)cc3)c4ccc(OC(F)(F)F)cc24)c1)C(=O)O,1
COc1cc(ccc1n2cnc(C)c2)c3cn(nn3)C4CCc5c(F)cc(F)cc5N(CC(F)(F)F)C4=O,0
COc1ccc2ncc(F)c(CCC34CCC(CC3)(CO4)NCc5nc6NC(=O)COc6c(C)c5C=C)c2n1,0
Cc1ccc2c(cccc2n1)c3nnc(SCCCN4C[C@@H]5C[C@@]5(C4)c6ccc(Br)cc6)n3C,0
Cc1ccc2c(cccc2n1)c3nnc(SCCCN4C[C@H]5C[C@]5(C4)c6ccc(Br)cc6)n3C,0
CC(C)(C1CCN(CC1)C(=O)c2cc(F)ccc2S(=O)(=O)C)S(=O)(=O)c3cccc(c3)C(F)(F)F,1
CCOC(=O)Nc1ccc(cc1)[C@H](N2CCN(Cc3cscn3)CC2)c4ccc(cc4)C(=O)N(CC)CC,0
CS(=O)(=O)c1ccc(cc1Cl)[C@@H](CC2CCCC2)C(=O)Nc3cnc(CCC4(O)CCOCC4)cn3,1
COCCOc1ccc2ncc(F)c(CCC34CCC(CC3)(CO4)NCc5ccc6OCC(=O)Nc6n5)c2n1,0
COc1ccc(CCN(C)CCCN(C(=O)c2ccc(cc2)[N+](=O)[O-])c3ccc(OC)c(OC)c3)cc1OC,0
OCCOc1ccc2ncc(F)c(C[C@H](O)C34CCC(CC3)(CO4)NCc5ccc6OCC(=O)Nc6n5)c2n1,1
CN(C)CCCn1nc(C2=C(C(=O)NC2=O)c3cn(c4ccc5ccccc5c4)c6ccccc36)c7ccccc17,0
Cc1ccc(cc1)n2nc(cc2NC(=O)Nc3cccc4cc([nH]c34)C(=O)N5CCC6(CCNC6)C5)C(C)(C)C,1
Cc1onc(c1)c2ccc3CCN(CCCSc4nnc(c5ccc6nc(C)c(C)nc6c5)n4C)CCc3c2,0
CS(=O)(=O)CC[C@@H]1OCC[C@@]2([C@H]1COc3c(F)ccc(F)c23)S(=O)(=O)c4ccc(cc4)C(F)(F)F,1
O=C1NCCc2nc(c3ccc(CN4CCC(CC4)c5nnc([nH]5)c6ccccn6)cc3)c(cc12)c7ccccc7,0
CC(Oc1ccc(cc1C(=O)N2CCN(CC2)c3ccc(cc3F)C(F)(F)F)S(=O)(=O)C)C(F)(F)F,1
CC(C)[C@@]1(CC[C@H](C1)N2CCC(CC2)c3cncnc3)C(=O)NCc4cc(cc(c4)C(F)(F)F)C(F)(F)F,0
CCCOc1cccc(c1)n2cc3N=C(N(C[C@H]4CCCN(C[C@H]5CCCO5)C4)C(=O)c3n2)c6cccnc6C,1
COc1ccc2ncc(c(CCC34CCC(CC3)(CO4)NCc5ccc6OCC(=O)Nc6n5)c2n1)C(F)(F)F,0
CN1CCN(CCCN([C@@H]2CC[C@@]3(C[C@H]23)c4ccc(cc4)C#N)C(=O)Nc5ccc(F)c(c5)C(F)(F)F)CC1,0
CONC(=O)N(Cc1ccsc1)C2CCN(CC2)[C@H](C)CCNC(=O)c3c(C)cc(Cl)[n+]([O-])c3Cl,1
COC1COCCC1N[C@@H]2C[C@H]3CN(C[C@]3(C2)C(=O)N4CCc5ncc(cc5C4)C(F)(F)F)c6ccccc6,1
COc1ccc(cc1)[C@H](C)N[C@@H]2CC[C@@H](C(=O)N3CCC(CC3)(C(=O)N4CCCC4)c5ccccc5)C(C)(C)C2,1
Clc1ccc(cc1)S(=O)(=O)NC(=O)N2CCC(CC2)N3CCC(CC3)Oc4ccc(Cl)c(Cl)c4,1
CC(C)CN(C[C@@H](O)[C@H](Cc1ccccc1)NC(=O)O[C@H]2CO[C@H]3OCC[C@@H]23)S(=O)(=O)c4ccc(N)cc4,1
Cc1cc(Cl)ccc1OC2CCN(C[C@H](O)CNC(=O)C3=CNC(=O)c4ccc(cc34)S(=O)(=O)C)CC2,0
Cc1cccnc1CN2CCC3(CC2)N(C(=O)N(C3=O)c4ccc(cc4)c5ccc(cc5)C(=O)O)c6ccncn6,1
CC1(C)C[C@@H](NC(=O)c2ccccc2N)c3cc(c4ccc(Cl)cc4)c(nc3O1)c5ccc(Cl)cc5Cl,0
CCn1cc(cn1)[C@]2(N[C@H](Cc3c2[nH]c4ccccc34)c5nc(c[nH]5)c6ccc(F)cn6)C7=NN(C(C)C)C(=O)O7,1
Cn1c(nc2cc(ccc12)C(F)(F)F)N(Cc3ccc(cc3)C(=O)Nc4nnn[nH]4)[C@@H]5CC[C@H](CC5)C(C)(C)C,1
Fc1ccc2C(=O)C=C(Oc2c1)C(=O)NC3CCN(Cc4ccc(cc4Cl)C(=O)NCCN5CCCC5)CC3,0
C[C@H](CCNC(=O)c1c(C)cc(Cl)nc1C)N2CCC(CC2)N(Cc3ccsc3)C(=O)Nc4cccnc4,1
FC(F)(F)c1ccc(cc1)n2ccc(CN3CCC(CC3)NC(=O)NC(CN4CCOCC4)c5ccccc5)c2,0
Cc1cccnc1CN2CCC3(CC2)N(C(=O)N(C3=O)c4ccc(cc4)c5sc(C)nc5C)c6cc(O)ncn6,0
CCCC[C@H]1CN(CC2CCOCC2)C(=O)OC13CCN(CC3)C4(C)CCN(CC4)C(=O)c5c(C)ncnc5C,1
COc1ccc(cc1)[C@H]2CN(CCCN(C)S(=O)(=O)c3ccccc3)C[C@@H]2CC(=O)Nc4cccc(Cl)c4,0
Cc1c(nn(c1c2ccc(Cl)cc2)c3ccc(Cl)cc3Cl)C(=O)NC4(CC4)c5noc(n5)C(F)(F)F,1
OC(=O)[C@H](Cc1cccc(c1)C(F)(F)F)N2CCC(CN3CCC(CC3)Oc4ccc(Cl)c(Cl)c4)CC2,1
Brc1ccc(cc1)[C@@H]2C[C@@H](CC[C@H]2C(=O)N3CC(C3)(c4ccccc4)c5ccccc5)N6CCOCC6,0
OCCn1nc(NCC(=O)NC2CN(C2)[C@@H]3CC[C@@H](CC3)c4ccc5OCOc5c4)c6cc(ccc16)C(F)(F)F,1
N\C\1=N/C(=O)[C@@H]2CCCN2c3ccc(OCCCCCCNCC(=O)Nc4c(Cl)cc(CN1)cc4Cl)cc3,1
CC(C)OC(=O)C1=CN(CC(C)(C)c2c1[nH]c3cc(F)ccc23)C(=O)c4ccc(OCCCN5CCOCC5)cc4,1
CC1CN(CC(=O)N[C@@H]2C3CC4CC2C[C@@](C4)(C3)C(=O)N)S(=O)(=O)N(C1)c5c(Cl)cc(Cl)cc5Cl,1
O[C@@]1(CN(C[C@@H]1CN2CCC(CC2)N(CC=C)C(=O)Cc3ccc(Cl)cc3)C(=O)C4CCCC4)c5ccccc5,0
N[C@H]1CO[C@H]1COc2ccc3ncc(F)c(CCC45CCC(CC4)(CO5)NCc6ccc7OCC(=O)Nc7n6)c3n2,1
Cc1cc(C)n(CC(NC(=O)NC2CCN(Cc3ccn(c3)c4ccc(cc4)C(F)(F)F)CC2)c5ccccc5)n1,0
CS(=O)(=O)c1ccc(Cl)c(c1)C(=O)N2CCC(CC2)N(C3CC3)S(=O)(=O)c4cccc(c4)C(F)(F)F,1
CC[C@H]1CN(CCN1C2CCN(CC2)C(=O)c3ccc(Cl)nc3N)c4ncc(nc4Cl)C(=O)NC[C@@H](C)O,1
Cc1ccc2c(cccc2n1)c3nnc(SCCCN4CCc5cc6oc(CC(F)(F)F)nc6cc5CC4)n3C,0
C[C@H](c1ccccc1)n2c(CNC(=O)[C@@H](Cc3ccccc3C(F)(F)F)NC(=O)OC(C)(C)C)nc4cccnc24,1
CC1(C)C[C@@H](NC(=O)c2n[nH]c3CCCc23)c4cc(c5ccc(Cl)cc5)c(nc4O1)c6ccc(Cl)cc6Cl,0
CCc1ccc(cc1)S(=O)(=O)N[C@H]2[C@H](O)CCc3ccc(NC(=O)[C@H]4CCCN4Cc5cccc(Cl)c5)cc23,1
COc1ccc(cc1)c2oc(C)c(CCOc3cccc(C[C@H]4[C@H](N(C4=O)c5ccc(cc5)C(C)(C)C)C(=O)O)c3)n2,0
CCn1cc(cn1)[C@]2(N[C@H](Cc3c2[nH]c4ccccc34)c5nc(c[nH]5)c6ccc(F)cn6)C7=NN(CC(=O)O)C(=O)O7,1
CC(C)S(=O)(=O)c1ccccc1Nc2nc(Nc3cc(C)c(cc3OC4CCC4)C5CCNCC5)ncc2Cl,1
FC(F)(F)c1ccc(cc1)[C@@H]2C[C@H]2C(=O)N3CCN(CC3)S(=O)(=O)c4cc(cc(c4)C(F)(F)F)c5cn[nH]n5,0
CN1CCN(CCCN([C@@H]2CC[C@@]3(C[C@H]23)c4ccc5c(N)noc5c4)C(=O)Nc6ccc(F)c(c6)C(F)(F)F)CC1,1
COc1cc(ncn1)N2C(=O)N(C(=O)C23CCN(Cc4ncccc4C)CC3)c5ccc(cc5)c6ccc7cn[nH]c7c6,0
Cc1nc2ccccc2n1C3CC4CCC(C3)N4CCC5(CCN(CC5)C(=O)c6cccc(c6)C(=O)N)c7ccccc7,1
Cc1oc2c(Br)c3CCN(CCCSc4nnc(c5cccc6nc(C)ccc56)n4C)CCc3cc2n1,0
OC(=O)[C@H]1C[C@@H]1COc2ccc3ncc(F)c(CCC45CCC(CC4)(CO5)NCc6ccc7OCC(=O)Nc7n6)c3n2,1
CC(C)(C)OC(=O)NC[C@@H]1CC[C@@H](CNC(=O)c2cc(nc3ccccc23)N4CCC(CCN5CC(O)C5)CC4)CC1,1
CC[C@H]1CN(CCN1C2CCN(CC2)C(=O)c3ccc(Cl)nc3N)c4ncc(nc4C(F)(F)F)C(=O)NC5CC5,1
COc1cccc(\C=C\c2ccc(cc2)C(=O)Nc3cc(C(=O)Nc4cc(C(=O)NCCNC(=N)N)n(C)c4)n(C)c3)c1,1
Cc1ncc(CNC2CCN(CCN3C(=O)C=Cc4ncc(Oc5ccc(cc5)S(=O)(=O)N)cc34)CC2)cc1Cl,1
Cc1cc2[nH]c(nc2cc1C#N)C3CCN(CCN4C(=O)C=Cc5ncc(Oc6ccc(cc6)S(=O)(=O)N)cc45)CC3,1
Cc1n[nH]cc1c2cc(cc(c2)S(=O)(=O)N3CCN(CC3)C(=O)[C@@H]4C[C@H]4c5ccc(cc5)C(F)(F)F)C(F)(F)F,0
FC(F)(F)CN1C(=O)[C@H](NC(=O)Cc2ccc(cc2C(F)(F)F)C(F)(F)F)N=C(c3ccccc3)c4ccccc14,0
OC(=O)CC1CCC(CC1)c2ccc(cc2)c3nc4cc(NC(=O)c5nc(oc5C(F)(F)F)c6ccccc6)ccc4[nH]3,1
CN(Cc1ccc(cc1)c2ccccc2S(=O)(=O)N)C(=O)[C@@H]3CCC[C@H]3C(=O)NCc4ccc(OC(F)(F)F)cc4,1
O[C@@]1(CN(C[C@@H]1CN2CCC(CC2)N(CC=C)C(=O)OCc3ccc(cc3)[N+](=O)[O-])C(=O)C4CCCC4)c5ccccc5,0
CC(C)(C)c1cc(cc(c1O)C(C)(C)C)C(=O)N2CCN(CCCCCC(c3ccc(F)cc3)c4ccc(F)cc4)CC2,0
COc1cc(ncn1)N2C(=O)N(C(=O)C23CCN(Cc4ncccc4C)CC3)c5ccc(cc5)c6ccc(C(=O)O)c(C)c6,0
CC(C)Oc1cc(ccc1F)[C@@](Cc2ccccc2)(NC[C@H](O)C(F)(F)F)c3cc(F)cc(OC(F)(F)C(F)F)c3,1
COCCN1CCN(CC1)c2ccc(cc2)c3nc4c(N5CCN(Cc6cc(C)on6)CC5)c(Br)cnc4[nH]3,0
COc1cc(ccc1Nc2nc(Nc3cc4CCN(CC(=O)N(C)C)CCc4cc3OC)ncc2Cl)N5CCOCC5,1
CN1CCN(C)C(=O)[C@H]1c2ccc(NC3=NC(=CN(C)C3=O)c4cccc(NC(=O)c5cc6CCCCc6s5)c4C)cc2,1
CC(C)c1cc(cc2nc(oc12)c3ccc(cc3)C(=O)NCC4CN(C(=O)O4)c5ccc(cn5)c6ccccc6C(=O)N)C#N,1
COC1COCCC1N[C@@H]2C[C@H]3CN(C[C@]3(C2)C(=O)N4CCc5ncc(cc5C4)C(F)(F)F)C(=O)CCc6ccccc6,1
Cc1ccc2c(cccc2n1)c3nnc(SCCCN4CCc5cc6oc(nc6cc5CC4)C(F)(F)C(F)(F)F)n3C,0
CC(C)(C)c1cc(cc(c1)C(C)(C)C)C(=O)NCC2CCN(C2)C(=O)CCCCC(c3ccc(F)cc3)c4ccc(F)cc4,0
CN(C)CCCNC(=O)c1cc(NC(=O)c2cc(NC(=O)c3ccc(\C=C\c4cnc5ccccc5c4)cc3)cn2C)cn1C,0
CC[C@@H](C)Oc1cc2[C@@H](N(C(=O)Cc2cc1OC)c3ccc(cc3)N(C)C[C@@H]4CC[C@H](CC4)N(C)C)c5ccc(Cl)cc5,1
COc1c(cc(CN2CCC(CNCCCCCC(c3ccc(F)cc3)c4ccc(F)cc4)C2)cc1C(C)(C)C)C(C)(C)C,0
FC(F)(F)c1ccc(cc1)[C@@H]2C[C@H]2C(=O)N3CCN(CC3)S(=O)(=O)c4cc(cc(c4)C(F)(F)F)C5=NC(=O)CS5,0
Cc1cccnc1CN2CCC3(CC2)N(C(=O)N(C3=O)c4ccc(cc4)c5ccc(cc5)N6CCOCC6)c7cc(O)ncn7,0
CC(C)N1C(=O)[C@@H](CCc2cc(F)cc(F)c12)NC(=O)[C@@H](Cc3ccccc3F)NC(=O)c4ccc(F)cc4C(F)(F)F,1
OCC1COCCN1Cc2cc(cc(c2)C(F)(F)F)C(=O)N[C@@H]3CCc4ccc(Oc5ccnc6NC(=O)CCc56)cc4C3,1
COc1cccc(\C=C\c2ccc(cc2)C(=O)Nc3cc(C(=O)Nc4cc(C(=O)NCCN5CCOCC5)n(C)c4)n(C)c3)c1,0
NS(=O)(=O)c1ccc(Oc2cnc3C=CC(=O)N(CCN4CCC(CC4)c5nc6cc(ccc6[nH]5)C(F)(F)F)c3c2)cc1,1
OP(=O)(O)OC[C@H]1CCCN1CCCOc2ccc3c(Nc4cnn(CC(=O)Nc5cccc(F)c5F)c4)nncc3c2,1
Cc1ccc2c(cccc2n1)c3nnc(SCCCN4CCc5cc6nc(oc6c(Br)c5CC4)C(C)(C)C)n3C,0
CN1CCN(CC1)c2ccc3nc(c4ccccc4)c(nc3n2)c5ccc(CN6CCC(CC6)c7nnc([nH]7)c8ncccn8)cc5,1
CC(C)Oc1ccc(F)cc1c2ccc(nc2)N3CCC(CNC(=O)c4ccc(cc4)c5oc6c(cc(cc6n5)C#N)C(C)C)CC3,1
COc1c(cc(cc1C(C)(C)C)C(=O)NC[C@@H]2CCN(C2)C(=O)CCCCC(c3ccc(F)cc3)c4ccc(F)cc4)C(C)(C)C,0
OCCN1CCN(CC1)c2ccc3nc(c4ccccc4)c(nc3n2)c5ccc(CN6CCC(CC6)c7nnc([nH]7)c8ccccn8)cc5,0
FC(F)(F)Oc1ccccc1C(=O)N[C@H](Cc2ccccc2C(F)(F)F)C(=O)NCc3nc4cccnc4n3C5(CC5)c6ccccc6,1
CCN(C1CCN(CC[C@H](C2CCN(CC2)S(=O)(=O)C)c3cccc(c3)C(F)(F)F)CC1)C(=O)Cc4ccc(cc4)S(=O)(=O)C,0
CN(C)CCN1CCN(CC1)c2ncc3cc(c4ccccc4)c(nc3n2)c5ccc(CN6CCC(CC6)c7nnc([nH]7)c8ncccn8)cc5,0
O=C1N(\C(=N\c2nc(cc(c3ccccc3)c2C#N)c4ccccc4)\S/C/1=C/5\SC(=NN5c6ccccc6)c7ccccc7)c8ccccc8,0
Fc1cccc(c1)N(C2CCN(CCC3(CCN(CC3)C(=O)c4ccc(cc4)C#N)c5cccc(F)c5)CC2)C(=O)NCc6ccc(cc6)C#N,0
CCCCCOC(=O)N1CCN(CC1)C(=O)[C@H](CCC(=O)O)NC(=O)c2cc(nc(n2)c3ccccc3)N4CCC(CC4)C(=O)N(CC)CC,1
CCC1OC(=O)C(C)C(OC2CC(C)(OC)C(O)C(C)O2)C(C)C(OC3OC(C)CC(C3O)N(C)C)C(C)(O)CC(C)C(=O)C(C)C(O)C1(C)O,1
CC[C@H]1OC(=O)[C@H](C)[C@@H](O[C@H]2C[C@@](C)(OC)[C@@H](O)[C@H](C)O2)[C@H](C)[C@@H](O[C@@H]3O[C@H](C)C[C@@H]([C@H]3O)N(C)C)[C@@](C)(C[C@@H](C)C(=O)[C@H](C)[C@@H](O)[C@]1(C)O)OC,1
C[C@@H](CNCC(F)(F)F)N1C[C@@H](C)[C@H](CN(C)S(=O)(=O)c2ccc(F)cc2)OCCCC[C@H](C)Oc3ccc(NC(=O)Nc4c(C)onc4C)cc3C1=O,1
NC(=N)c1ccc(CNC(=O)[C@@H]2Cc3ccc(NC(=O)CN4CCN(CC4)CC(=O)Nc5ccc(C[C@@H](NS(=O)(=O)Cc6ccccc6)C(=O)N2)cc5)cc3)cc1.OC(=O)C(F)(F)F,1
O=C([C@H](N1CCCCC1)c2ccccc2)N3CCC[C@H]3c4ncc([nH]4)c5ccc(cc5)c6ccc(cc6)c7cnc([nH]7)[C@@H]8CCCN8C(=O)[C@H](N9CCCCC9)c%10ccccc%10,1
CCC1OC(=O)C(C)C(OC2CC(C)(OC)C(O)C(C)O2)C(C)C(OC3OC(C)CC(C3O)N(C)C)C(C)(O)CC(C)\C(=N\OCOCCOC)\C(C)C(O)C1(C)O,1
COc1ccc2SCCNCc2c1,1
FC(F)Oc1cc(ccc1F)c2cnn(Cc3cc[nH]n3)c2,0
Cc1cccc2CCCN(C(=O)CSc3ccc(Cl)cn3)c12,1
C[C@@H]1Oc2ccc(cc2[C@]3(COC(=N)N3)C14COC4)c5cncnc5,1
COc1ccc2nc(NC3=NC[C@@]4(CN5CCC4CC5)O3)sc2c1,0
Cc1cccc2CCCN(C(=O)CSc3ccc(cn3)C(F)(F)F)c12,1
FC(F)(F)c1ccc(NS(=O)(=O)c2ccccc2C(F)(F)F)cn1,1
COc1cccc(c1)C(=O)N2CCn3c(nnc3c4nc(C)ns4)[C@@H]2C,1
CC[C@@H]1N(CCn2c1nnc2c3nc(C)ns3)C(=O)c4ccc(F)cc4,1
C[C@@H]1N(CCn2c1nnc2c3nc(C)ns3)C(=O)c4ccc(F)c(Cl)c4,1
C[C@@H]1N(CCn2c1nnc2c3nc(C)ns3)C(=O)c4cc(F)c(F)c(F)c4,1
CS(=O)(=O)NCCN1CC2CN(CCOc3ccc(cc3)C#N)CC(C1)O2,1
Cc1ncoc1c2nnc(SCCCN3CC[C@@]4(C[C@@H]4c5ccccc5)C3)n2C,0
Cc1ncoc1c2nnc(SCCCN3CC[C@]4(C[C@H]4c5ccccc5)C3)n2C,0
C[C@@H]1N(CCn2c1nnc2c3csc(C)n3)C(=O)c4ccc(cc4)c5ccccc5,1
C[C@H]1N(CCc2c1ncn2c3ccccn3)C(=O)c4cccc(c4Cl)C(F)(F)F,1
Fc1ccc(cc1)S(=O)(=O)NCCN2CC3CN(CCc4ccccc4)CC(C2)O3,1
C[C@H]1N(CCc2c1ncn2c3ccc(F)cc3)C(=O)c4cccc(c4Cl)C(F)(F)F,1
O=S(=O)(NCCN1CC2CN(CCc3ccccc3)CC(C1)O2)c4ccc(cc4)C#N,1
Fc1ccc(CN2CC3CN(CCNS(=O)(=O)c4ccc(cc4)C#N)CC(C2)O3)cc1,1
Cc1onc(C)c1S(=O)(=O)NCCN2CC3CN(Cc4ccc(cc4)C#N)CC(C2)O3,1
CC[C@H](NC(=O)c1cc(C(=N[C@@H](CC)c2ccccc2)O)c3COCCn13)c4ccccc4,1
Fc1ccc(cc1)S(=O)(=O)NCCN2CC3CN(CCc4ccccc4F)CC(C2)O3,1
O=S(=O)(NCCN1CC2CN(Cc3ccc(cc3)C#N)CC(C1)O2)c4cccc(c4)C#N,1
Cc1nc2cc(ccc2[nH]1)n3ncc(C(=O)c4cc5ccc(CN6CCOCC6)cc5[nH]4)c3N,1
NCCCCN(Cc1nccc2c3ccccc3n(CC(=N)O)c12)[C@H]4CCCc5cccnc45,0
CC[C@@H](N=C(O)c1cc(C(=O)N2CCC[C@@H]2C)n3CCOCc13)c4ccc(cc4)C(F)(F)F,1
CC(C)(C)NS(=O)(=O)CCCN1CC2CN(CCCOc3ccc(cc3)C#N)CC(C1)O2,1
O=S(=O)(NCCN1CC2CN(Cc3noc4ccccc34)CC(C1)O2)c5ccc(cc5)C#N,1
CN(CCN1CC2CN(CCc3ccccc3F)CC(C1)O2)S(=O)(=O)c4ccc(cc4)C#N,1
Cn1c(SCCCN2CC[C@]3(C[C@@H]3c4ccc(cc4)C(F)(F)F)C2)nnc1c5ccncc5,0
Cn1c(SCCCN2CC[C@]3(C[C@@H]3c4ccc(cc4)C(F)(F)F)C2)nnc1c5cccnc5,0
Cc1c2COC(=O)c2ccc1[C@@H]3CN4CCN(C[C@@H]4CO3)C(=O)Cc5ccc(nc5)n6cnnn6,1
Cc1cc(on1)c2nnc(SCCCN3CC[C@]4(C[C@@H]4c5ccc(cc5)C(F)(F)F)C3)n2C,0
Cc1ncoc1c2nnc(SCCCN3CC[C@]4(C[C@H]4c5cc(Cl)cc(Cl)c5)C3)n2C,0
Cn1c(SCCCN2CC[C@]3(C[C@@H]3c4ccc(cc4)C(F)(F)F)C2)nnc1C5CCOCC5,0
Fc1ccc2[nH]cc(CN3CC4CN(CCNS(=O)(=O)c5ccc(cc5)C#N)CC(C3)O4)c2c1,1
O=S(=O)(Cc1ccccc1)NCCCN2CC3CN(CCOc4ccc(cc4)C#N)CC(C2)O3,1
Fc1cccc(OCCCN2CC3CN(CCNS(=O)(=O)c4ccc(cc4)C#N)CC(C2)O3)c1,1
Fc1ccc(cc1)S(=O)(=O)NCCCN2CC3CN(CCOc4ccc(cc4)C#N)CC(C2)O3,1
CN(CCN1CC2CN(CCc3ccc(Cl)cc3)CC(C1)O2)S(=O)(=O)c4ccc(cc4)C#N,1
Fc1cccc(F)c1CCN2CC3CN(CCCNS(=O)(=O)c4ccc(cc4)C#N)CC(C2)O3,1
Cc1c2COC(=O)c2ccc1[C@@H]3CN4CCN(C[C@H]4CS3)C(=O)Cc5ccc(nc5)n6cnnn6,1
Cc1ncoc1c2nnc(SCCCN3CC[C@]4(C[C@@H]4c5ccc(cc5F)C(F)(F)F)C3)n2C,0
O=S(=O)(NCCN1CC2CN(CCCOc3ccc(cc3)C#N)CC(C1)O2)c4ccc(cc4)C#N,1
O=S(=O)(NCCN1CC2CN(CCOc3ccc(cc3)C#N)CC(C1)O2)c4ccc5OCCc5c4,1
Fc1cc(ccc1OCCN2CC3CN(CCNS(=O)(=O)c4ccc(cc4)C#N)CC(C2)O3)C#N,1
Fc1cc(ccc1OCCN2CC3CN(CCNS(=O)(=O)c4cccc(c4)C#N)CC(C2)O3)C#N,1
COc1ccc(cc1)S(=O)(=O)NCCN2CC3CN(CCCOc4ccc(cc4)C#N)CC(C2)O3,1
Fc1ccc(c(F)c1)S(=O)(=O)NCCN2CC3CN(CCCOc4ccc(cc4)C#N)CC(C2)O3,1
CN(CCN1CC2CN(CCOc3c(F)cccc3F)CC(C1)O2)S(=O)(=O)c4ccc(cc4)C#N,1
Cl.OC(=O)C[C@H](N(CC1CC1)Cc2ccc(OCCN3C(=O)CCC3=O)c(F)c2)c4ccc(Cl)c(F)c4,1
OC(=O)CCc1cnc2c(cccc2c1)N3CCN(CCc4ccc(OCCCN5CCCCCC5)cc4)CC3,1
COc1c2CCC[C@H](Cc2ccc1Nc3ncc(Cl)c(N[C@@H]4[C@@H]5C[C@@H](C=C5)[C@@H]4C(=O)N)n3)N6CCN(C)CC6,1
COc1c2CCCC(Cc2ccc1Nc3ncc(Cl)c(Nc4ccccc4N5CCCS5(=O)=O)n3)N6CCN(CCO)CC6,0
CC(C)C(=O)O[C@H]1[C@@H](C)C[C@@]2(O)[C@H]1[C@@H](OC(=O)c3ccccc3)[C@]4(COC(=O)c5cccnc5)[C@@H](C[C@H]6[C@@H]([C@H]4[C@](C)(OC(=O)C)C2=O)C6(C)C)OC(=O)C,1
CCC(=O)O[C@@H]1[C@@H]2[C@@H](OC(=O)C)[C@@]34CO[C@@](C)([C@H](OC(=O)C)[C@]2(C[C@]1(C)OC(=O)c5cccnc5)OC(=O)C)[C@@H]3[C@@H]6[C@@H](C[C@]6(C)OC(=O)C)[C@@H](OC(=O)C(C)C)C4=O,1
COc1ccc(cc1)c2c[nH]c(n2)C(C)(C)N,1
C[C@]1(CCSC(=N1)N)c2cc(CNC3CC3)c(F)cc2F,1
FC(F)(F)c1ccc2c(Nc3ccc(Cl)nc3)n[nH]c2c1,1
Cc1cc(Oc2cncnc2)cc(n1)C(=O)Nc3ccc(F)cn3,1
CC(=O)NC(C)(C)c1nc(c[nH]1)c2ccc(OC(F)(F)F)cc2,1
O[C@@H]1CC[C@H](CC1)Nc2ccc3ncc(c4cccc(Cl)c4)n3n2,1
COc1ccc(C(=O)\C=C\c2cc(OC)c(OC)c(OC)c2)c(O)c1,1
NC(=O)c1cn(nc1Nc2ccc(cc2)C3CC3)[C@H]4COCC[C@@H]4C#N,1
CNCc1cc(c2cccnc2F)n(c1)S(=O)(=O)c3ccsc3,0
O=C(NCCN1CCNCC1)Nc2ncccc2OCc3ccccc3,1
CCc1noc(n1)c2nnc3[C@@H](C)N(CCn23)C(=O)c4ccc(F)cc4,1
NC(=O)c1cnc(N[C@H]2CCCNC2)c3cc(sc13)c4cccs4,1
CNCc1cc(c2cccnc2Cl)n(c1)S(=O)(=O)c3cccnc3,1
COc1cccnc1Cn2ccc3nc(N)nc(NCc4cc(C)on4)c23,0
Cc1ccc(cc1)c2ncc(OC[C@H]3CCNC3)cc2c4ccc(cc4)C#N,0
CC1(COc2ccc(OC(F)(F)F)cc2)CCn3cc(nc3O1)[N+](=O)[O-],1
CNCc1cc(c2cccnc2F)n(c1)S(=O)(=O)c3ccc(OC)nc3,1
NC(=O)c1cn(nc1Nc2ccc(OC(F)F)cc2)[C@H]3COCC[C@@H]3C#N,1
[2H]C1([2H])OC(=N[C@]12c3cc(ccc3C[C@@]24CC[C@H](OC)[C@@H](C)C4)c5cncnc5)N,1
CCC[C@H]1N(CCn2c1nnc2c3nc(C)ns3)C(=O)c4ccc(F)cc4,1
CN(Cc1ccc(nc1)C(F)(F)F)c2cc(ncn2)C(=O)Nc3ccccc3,0
C[C@@H](O)Cn1cc2nccc(Nc3cc(ncc3C)c4cc(C)ccc4F)c2n1,1
Cc1cc(ccn1)c2cc3c(N[C@@H]4CC[C@](C)(N)C4(C)C)c(cnn3c2)C(=O)N,0
C[C@H]1N(CCn2c1nnc2c3nc(C)ns3)C(=O)c4ccc(Cl)c(F)c4,1
COc1ccc(Cn2ccc3nc(N)nc(NCc4cc(C)on4)c23)nc1OC,0
Clc1cccc(c1CC(c2cccnc2)c3cccnc3)c4cccc(c4)C#N,1
C[C@]1(N)CC[C@@H](Nc2c(cnn3cc(cc23)c4ccc(F)nc4)C(=O)N)C1(C)C,1
C[C@]1(N)CC[C@@H](Nc2c(cnn3cc(cc23)c4ccncc4F)C(=O)N)C1(C)C,1
O=C1c2ccccc2Oc3c(Cc4ccc5OCOc5c4)[nH]c(c6nccs6)c13,1
COc1ccc(cc1)c2cc3c(N[C@@H]4CC[C@](C)(N)C4(C)C)c(cnn3c2)C(=O)N,0
C[C@@]1(O)CC[C@H]2[C@H](CC[C@@H]3[C@@H]2CC[C@@]4(C)[C@H]3CC[C@@H]4C(=O)Cn5cc(cn5)C#N)C1,1
Fc1ccc(OCCCNC(=N)Nc2ccc(I)cc2)cc1,0
OCCN1CCC(CC1)c2ccc(NC(=O)c3ncc(C#N)[nH]3)c(c2)C4=CCCCC4,1
Nc1cccc(n1)C(Cc2cccnc2c3cc(Cl)cc(Cl)c3)c4cccnc4,1
FC(F)(F)Oc1cccc(c1)c2ncccc2CC(c3cccnc3)c4cccnc4,1
CC1=C(CCN2CCN(CC2)c3cccc4sccc34)C(=O)N5CCCC(F)C5=N1,0
Cc1nsc(n1)N2CCC3(CCN(C[C@H](O)c4ccc5C(=O)OCc5c4C)CC3)C2,0
Cc1c2COC(=O)c2ccc1[C@@H](O)CN3CCC4(CC3)CCN(C4)c5cncc(c5)C#N,0
Nc1cccc(n1)C(C(O)c2cccnc2c3cc(Cl)cc(Cl)c3)c4cccnc4,1
CC(C)Cc1cc(CNS(=O)(=O)c2cccc3cccnc23)nn1c4ccc(F)cc4,0
FC(F)(F)Oc1cccc(c1)c2cnc3ccc(NCC4CCS(=O)(=O)CC4)nn23,1
CN(C)c1ccc(cc1)C(=O)N(CCCCCC(=O)NO)CC(=O)NCc2ccccc2,1
Cc1cnsc1N2CCC3(CCN(C[C@H](O)c4ccc5C(=O)OCc5c4C)CC3)C2=O,0
C[C@H](N1CC[C@@](CC(C)(C)O)(OC1=O)c2ccccc2)c3ccc(cc3)c4cnc(C)nc4,1
Cc1c2COC(=O)c2ccc1[C@@H](O)CN3CCC4(CC3)CCN(CC4)c5ccc(cn5)C#N,1
CCOC(=O)C1=C(CN2CCOCC2)NC(=NC1c3ccccc3Cl)c4nccs4,0
CNc1nc2ccccc2n1c3nc4N5CCOC[C@H]5COc4c(n3)C(C)(C)S(=O)(=O)C,1
OC(=O)C[C@@H]1COC2(CCN(CC2)c3ccc(cn3)c4nc5cc(ccc5[nH]4)C(F)(F)F)C1,1
CC[C@@H](NC(=O)c1cc(C(=O)N2CCC[C@@H]2C)n3CCOCc13)c4cnc(OC)c(Cl)c4,1
Cc1c2COC(=O)c2ccc1[C@@H](O)CN3CCC4(CC3)CCN(C4=O)c5sncc5Cl,0
COc1ccc(N2CCOCC2)c3sc(NC(=O)C(C)(C)Oc4ccc(F)c(F)c4)nc13,1
CCN1N=C(C=CC1=O)N2CCC3(CCN(C[C@H](O)c4ccc5C(=O)OCc5c4C)CC3)C2=O,1
COc1ccc2ncc(F)c([C@@H](O)CC[C@@H]3CCN(C[C@@H]3C(=O)O)C4CC(C4)c5oncc5)c2c1,1
NS(=O)(=O)Nc1cncc(c1)c2nc(NCc3ccccn3)c4c(cccc4n2)c5ccccc5,0
Cc1c2COC(=O)c2ccc1[C@@H](O)CN3CCC4(CC3)CN(C(=O)C4)c5ccc(nc5)S(=O)(=O)C,1
COC(=O)[C@]12CCC(C)(C)C[C@H]1[C@H]3C(=O)C=C4[C@@](C)(CC[C@H]5C(C)(C)C(=O)C(=C[C@]45C)C#N)[C@]3(C)CC2,1
CCOC(=O)C1=C(CN2CCOCC2)NC(=N[C@H]1c3ccc(F)cc3Br)c4nccs4,0
N[C@@H]1CCC=C([C@H]1COc2cc(F)c(cc2Cl)S(=O)(=O)Nc3cscn3)c4ccc(F)cc4,1
C\C(=N/C(=N\S(=O)(=O)c1ccc(Cl)cc1)/N2C[C@@H](C(=N2)c3ccc(Cl)cc3)c4ccccc4)\N,1
CC[C@@H](NC(=O)c1cc(C(=O)N[C@H](C)c2ccc(F)cc2)n3CCOCc13)c4ccc(cc4)C(F)(F)F,1
CC[C@@H](NC(=O)c1cc(C(=O)N2CCC[C@@H]2C(F)(F)F)n3CCOCc13)c4ccc(nc4)C(F)(F)F,1
CNC(=O)c1c(oc2ccc(cc12)c3cc(ccc3C)C(=O)NC4(CC4)c5ccccn5)c6ccc(F)cc6,1
CNC(=O)c1c(oc2ccc(cc12)c3cc(ccc3C)C(=O)NC4(CC4)c5ncccn5)c6ccc(F)cc6,1
CCc1ccn2ccnc2c1N3CCCN(CC3)[C@@H](CC(=O)N)C4CCN(CC4)C(=O)[C@H]5C[C@@H]6CC[C@H]5O6,1
CCOC(=O)C1=C(CN2CCOC[C@H]2C(=O)O)NC(=N[C@@H]1c3ccc(Cl)cc3Cl)c4nccs4,1
CCOC(=O)C1=C(CN2CCOC[C@H]2C(=O)O)NC(=N[C@H]1c3ccc(Cl)cc3Cl)c4nccs4,1
CC(=O)N1CCN(CC1)c2ccc(OCC3COC(Cn4ccnc4)(O3)c5ccc(Cl)cc5Cl)cc2,0
COc1ccc2nccc([C@@H](O)CC[C@@H]3CCN(CCSc4ccc[se]4)C[C@@H]3C(=O)O)c2c1,1
C[C@@]1(CC[C@](C)(C1)c2nc(c3ccc(cc3)C(=O)Nc4cc(ccn4)C(F)(F)F)c5c(N)nccn25)C(=O)O,1
Cc1noc(n1)c2cccc(CN3CCN(CC3)C(=O)c4ccc(C[C@@H]5CC[C@@H](N5)[C@H](O)c6ccccc6)cc4)n2,1
CCN(CC)Cc1cc(\C=N\N=C(/N)\CC(O)c2cc3c(F)cc(F)cc3c4cc(ccc24)C(F)(F)F)ccc1O,0
COC(=O)N[C@@H](C(C)C)C(=O)N1CCC[C@H]1c2ncc([nH]2)c3cccc(OS(=O)(=O)Oc4cccc(c4)c5cnc([nH]5)[C@@H]6CCCN6C(=O)[C@@H](NC(=O)OC)C(C)C)c3,1
